Timestamp,Device ID,Warm?,Sync,Arm,Timestamp,Orientation_W,Orientation_X,Orientation_Y,Orientation_Z,Acc_X,Acc_Y,Acc_Z,Gyro_X,Gyro_Y,Gyro_Z,Pose,EMG_1,EMG_2,EMG_3,EMG_4,EMG_5,EMG_6,EMG_7,EMG_8,Locked,RSSI,Roll,Pitch,Yaw,Device_Time
2023-04-01 13:45:18.996454,1521741332480.0,0.0,1.0,0.0,245566.75,0.265625,-0.25225830078125,-0.74609375,0.55609130859375,0.12548828125,-1.00341796875,-0.248046875,-0.3125,-0.6875,0.5,-1.0,7.0,5.0,0.0,3.0,0.0,2.0,1.0,2.0,0.0,0.0,-1.8154127597808838,-0.11606542021036148,2.398876905441284,1970-01-03 15:12:46.742196
2023-04-01 13:45:19.020361,1521741332480.0,0.0,1.0,0.0,245566.765625,0.265625,-0.252197265625,-0.74609375,0.5560302734375,0.126953125,-0.9990234375,-0.25146484375,-0.3125,-0.75,0.5625,-1.0,0.0,-4.0,-3.0,-5.0,-7.0,2.0,1.0,3.0,0.0,0.0,-1.815382719039917,-0.11616475880146027,2.398876190185547,1970-01-03 15:12:46.764744
2023-04-01 13:45:19.021359,1521741332480.0,0.0,1.0,0.0,245566.765625,0.26544189453125,-0.252197265625,-0.7462158203125,0.55596923828125,0.1240234375,-1.00244140625,-0.25390625,-0.75,-1.0625,0.5625,-1.0,2.0,1.0,-2.0,-2.0,0.0,-2.0,-2.0,0.0,0.0,0.0,-1.815750241279602,-0.1159859150648117,2.3991611003875732,1970-01-03 15:12:46.766414
2023-04-01 13:45:19.045295,1521741332480.0,0.0,1.0,0.0,245566.78125,0.26544189453125,-0.252197265625,-0.7462158203125,0.55596923828125,0.1240234375,-1.00244140625,-0.25390625,-0.75,-1.0625,0.5625,-1.0,-1.0,0.0,1.0,1.0,-2.0,-2.0,-2.0,-2.0,0.0,0.0,-1.815750241279602,-0.1159859150648117,2.3991611003875732,1970-01-03 15:12:46.780320
2023-04-01 13:45:19.046292,1521741332480.0,0.0,1.0,0.0,245566.78125,0.2652587890625,-0.25213623046875,-0.7464599609375,0.5557861328125,0.12744140625,-1.00048828125,-0.255859375,-1.5,-1.125,0.1875,-1.0,4.0,5.0,2.0,2.0,2.0,4.0,0.0,-1.0,0.0,0.0,-1.8164328336715698,-0.11600247770547867,2.3995795249938965,1970-01-03 15:12:46.781906
2023-04-01 13:45:19.068233,1521741332480.0,0.0,1.0,0.0,245566.796875,0.2652587890625,-0.25213623046875,-0.7464599609375,0.5557861328125,0.12744140625,-1.00048828125,-0.255859375,-1.5,-1.125,0.1875,-1.0,1.0,-9.0,-1.0,-2.0,-2.0,-2.0,-2.0,6.0,0.0,0.0,-1.8164328336715698,-0.11600247770547867,2.3995795249938965,1970-01-03 15:12:46.802328
2023-04-01 13:45:19.069231,1521741332480.0,0.0,1.0,0.0,245566.796875,0.26513671875,-0.25213623046875,-0.74664306640625,0.55560302734375,0.12451171875,-1.00341796875,-0.25634765625,-1.375,-0.8125,-0.25,-1.0,0.0,0.0,-2.0,-1.0,-3.0,0.0,0.0,-1.0,0.0,0.0,-1.8169989585876465,-0.11600971966981888,2.3997788429260254,1970-01-03 15:12:46.803892
2023-04-01 13:45:19.092169,1521741332480.0,0.0,1.0,0.0,245566.828125,0.26507568359375,-0.25201416015625,-0.746826171875,0.555419921875,0.12548828125,-1.00244140625,-0.25390625,-1.125,-0.625,-0.5,-1.0,-1.0,0.0,3.0,0.0,-3.0,0.0,2.0,1.0,0.0,0.0,-1.817453384399414,-0.11624517291784286,2.4000632762908936,1970-01-03 15:12:46.826229
2023-04-01 13:45:19.093167,1521741332480.0,0.0,1.0,0.0,245566.828125,0.26507568359375,-0.25201416015625,-0.746826171875,0.555419921875,0.12548828125,-1.00244140625,-0.25390625,-1.125,-0.625,-0.5,-1.0,4.0,1.0,-3.0,-2.0,-3.0,-2.0,-3.0,2.0,0.0,0.0,-1.817453384399414,-0.11624517291784286,2.4000632762908936,1970-01-03 15:12:46.826320
2023-04-01 13:45:19.115108,1521741332480.0,0.0,1.0,0.0,245566.84375,0.2650146484375,-0.25189208984375,-0.7469482421875,0.5552978515625,0.123046875,-1.0048828125,-0.24951171875,-1.125,-0.8125,-0.4375,-1.0,-9.0,-12.0,-2.0,3.0,12.0,1.0,1.0,0.0,0.0,0.0,-1.817724347114563,-0.11641696840524673,2.4003148078918457,1970-01-03 15:12:46.841357
2023-04-01 13:45:19.138047,1521741332480.0,0.0,1.0,0.0,245566.859375,0.2650146484375,-0.25189208984375,-0.7469482421875,0.5552978515625,0.123046875,-1.0048828125,-0.24951171875,-1.125,-0.8125,-0.4375,-1.0,-2.0,0.0,0.0,-1.0,-8.0,-2.0,-4.0,-5.0,0.0,0.0,-1.817724347114563,-0.11641696840524673,2.4003148078918457,1970-01-03 15:12:46.862247
2023-04-01 13:45:19.139044,1521741332480.0,0.0,1.0,0.0,245566.890625,0.26483154296875,-0.25189208984375,-0.74713134765625,0.55517578125,0.11962890625,-1.00244140625,-0.24755859375,-1.5625,-0.875,0.0,-1.0,-1.0,11.0,0.0,1.0,-3.0,-1.0,0.0,-4.0,0.0,0.0,-1.818276047706604,-0.11630111932754517,2.4006330966949463,1970-01-03 15:12:46.884891
2023-04-01 13:45:19.161983,1521741332480.0,0.0,1.0,0.0,245566.890625,0.2645263671875,-0.251953125,-0.74737548828125,0.554931640625,0.1142578125,-1.00244140625,-0.2568359375,-2.5,-1.1875,0.1875,-1.0,-5.0,-17.0,-3.0,-5.0,-8.0,-3.0,-4.0,-2.0,0.0,0.0,-1.8191014528274536,-0.11602768301963806,2.400949239730835,1970-01-03 15:12:46.886336
2023-04-01 13:45:19.162980,1521741332480.0,0.0,1.0,0.0,245566.90625,0.26422119140625,-0.25201416015625,-0.74761962890625,0.55474853515625,0.11474609375,-1.0087890625,-0.24853515625,-2.625,-1.0625,0.0625,-1.0,-6.0,-8.0,0.0,-2.0,-6.0,-5.0,-3.0,-4.0,0.0,0.0,-1.8199046850204468,-0.11572304368019104,2.4013333320617676,1970-01-03 15:12:46.901280
2023-04-01 13:45:19.185919,1521741332480.0,0.0,1.0,0.0,245566.921875,0.2640380859375,-0.2520751953125,-0.747802734375,0.55462646484375,0.11767578125,-1.01416015625,-0.2607421875,-1.3125,-0.875,0.0625,-1.0,-5.0,-7.0,-4.0,0.0,-3.0,-1.0,-2.0,-1.0,0.0,0.0,-1.8205087184906006,-0.11553854495286942,2.401583671569824,1970-01-03 15:12:46.923711
2023-04-01 13:45:19.186916,1521741332480.0,0.0,1.0,0.0,245566.921875,0.2640380859375,-0.2520751953125,-0.747802734375,0.55462646484375,0.11767578125,-1.01416015625,-0.2607421875,-1.3125,-0.875,0.0625,-1.0,-2.0,2.0,0.0,-1.0,-3.0,0.0,2.0,0.0,0.0,0.0,-1.8205087184906006,-0.11553854495286942,2.401583671569824,1970-01-03 15:12:46.923799
2023-04-01 13:45:19.208857,1521741332480.0,0.0,1.0,0.0,245566.9375,0.2640380859375,-0.2520751953125,-0.747802734375,0.55462646484375,0.11767578125,-1.01416015625,-0.2607421875,-1.3125,-0.875,0.0625,-1.0,-3.0,-6.0,-4.0,-2.0,-2.0,-2.0,-3.0,-1.0,0.0,0.0,-1.8205087184906006,-0.11553854495286942,2.401583671569824,1970-01-03 15:12:46.945191
2023-04-01 13:45:19.209855,1521741332480.0,0.0,1.0,0.0,245566.953125,0.2640380859375,-0.2520751953125,-0.74774169921875,0.55462646484375,0.12109375,-1.00830078125,-0.2548828125,0.25,-0.625,0.0625,-1.0,-14.0,-24.0,-5.0,-1.0,-2.0,0.0,1.0,-1.0,0.0,0.0,-1.8203474283218384,-0.11550609767436981,2.401482582092285,1970-01-03 15:12:46.946391
2023-04-01 13:45:19.232793,1521741332480.0,0.0,1.0,0.0,245566.96875,0.2640380859375,-0.2520751953125,-0.74774169921875,0.55462646484375,0.11962890625,-1.005859375,-0.24951171875,-0.9375,-0.875,0.25,-1.0,2.0,5.0,-1.0,-2.0,-4.0,-2.0,-1.0,0.0,0.0,0.0,-1.8203474283218384,-0.11550609767436981,2.401482582092285,1970-01-03 15:12:46.973466
2023-04-01 13:45:19.254735,1521741332480.0,0.0,1.0,0.0,245566.984375,0.2640380859375,-0.2520751953125,-0.74774169921875,0.55462646484375,0.11962890625,-1.005859375,-0.24951171875,-0.9375,-0.875,0.25,-1.0,-2.0,1.0,0.0,0.0,-3.0,-1.0,2.0,-2.0,0.0,0.0,-1.8203474283218384,-0.11550609767436981,2.401482582092285,1970-01-03 15:12:46.982176
2023-04-01 13:45:19.255732,1521741332480.0,0.0,1.0,0.0,245566.984375,0.2637939453125,-0.2520751953125,-0.7479248046875,0.5545654296875,0.11962890625,-1.005859375,-0.2529296875,-1.5625,-1.1875,0.375,-1.0,4.0,9.0,0.0,1.0,-1.0,-3.0,-1.0,-2.0,0.0,0.0,-1.8208845853805542,-0.11526677012443542,2.40191912651062,1970-01-03 15:12:46.983880
2023-04-01 13:45:19.278671,1521741332480.0,0.0,1.0,0.0,245567.0,0.2635498046875,-0.2520751953125,-0.748046875,0.55450439453125,0.12060546875,-1.009765625,-0.25146484375,-1.625,-1.125,0.6875,-1.0,-5.0,-6.0,0.0,1.0,3.0,0.0,0.0,1.0,0.0,0.0,-1.8212604522705078,-0.11499488353729248,2.402254581451416,1970-01-03 15:12:47.006300
2023-04-01 13:45:19.279668,1521741332480.0,0.0,1.0,0.0,245567.015625,0.2635498046875,-0.2520751953125,-0.748046875,0.55450439453125,0.12060546875,-1.009765625,-0.25146484375,-1.625,-1.125,0.6875,-1.0,2.0,0.0,3.0,0.0,-1.0,-2.0,-4.0,-2.0,0.0,0.0,-1.8212604522705078,-0.11499488353729248,2.402254581451416,1970-01-03 15:12:47.019105
2023-04-01 13:45:19.301609,1521741332480.0,0.0,1.0,0.0,245567.03125,0.26324462890625,-0.25213623046875,-0.74810791015625,0.55450439453125,0.11865234375,-1.005859375,-0.2529296875,-0.9375,-1.125,0.9375,-1.0,-3.0,1.0,-3.0,-3.0,-6.0,-1.0,0.0,-6.0,0.0,0.0,-1.82151198387146,-0.11449950188398361,2.4025392532348633,1970-01-03 15:12:47.025818
2023-04-01 13:45:19.302607,1521741332480.0,0.0,1.0,0.0,245567.046875,0.26300048828125,-0.25225830078125,-0.7481689453125,0.55450439453125,0.11669921875,-1.00390625,-0.25244140625,-1.1875,-1.0625,1.0,-1.0,-5.0,7.0,3.0,-2.0,-10.0,-5.0,-4.0,-4.0,0.0,0.0,-1.8218079805374146,-0.11402786523103714,2.4027059078216553,1970-01-03 15:12:47.043889
2023-04-01 13:45:19.325546,1521741332480.0,0.0,1.0,0.0,245567.0625,0.26300048828125,-0.25225830078125,-0.7481689453125,0.55450439453125,0.11669921875,-1.00390625,-0.25244140625,-1.1875,-1.0625,1.0,-1.0,2.0,-6.0,-2.0,-1.0,3.0,2.0,0.0,2.0,0.0,0.0,-1.8218079805374146,-0.11402786523103714,2.4027059078216553,1970-01-03 15:12:47.064862
2023-04-01 13:45:19.326543,1521741332480.0,0.0,1.0,0.0,245567.0625,0.2626953125,-0.2523193359375,-0.74822998046875,0.5545654296875,0.11181640625,-1.00634765625,-0.25048828125,-0.875,-1.1875,0.75,-1.0,-1.0,-1.0,-2.0,0.0,-2.0,-2.0,0.0,-2.0,0.0,0.0,-1.822036862373352,-0.1135013997554779,2.4030585289001465,1970-01-03 15:12:47.066381
2023-04-01 13:45:19.348484,1521741332480.0,0.0,1.0,0.0,245567.078125,0.2626953125,-0.2523193359375,-0.74822998046875,0.5545654296875,0.11181640625,-1.00634765625,-0.25048828125,-0.875,-1.1875,0.75,-1.0,-5.0,2.0,1.0,-2.0,-6.0,-1.0,2.0,-3.0,0.0,0.0,-1.822036862373352,-0.1135013997554779,2.4030585289001465,1970-01-03 15:12:47.079219
2023-04-01 13:45:19.349482,1521741332480.0,0.0,1.0,0.0,245567.09375,0.26251220703125,-0.2523193359375,-0.74835205078125,0.554443359375,0.12548828125,-1.0107421875,-0.25390625,-1.5625,-1.1875,0.8125,-1.0,-3.0,3.0,1.0,-1.0,-4.0,2.0,1.0,0.0,0.0,0.0,-1.8224279880523682,-0.11335211992263794,2.403275489807129,1970-01-03 15:12:47.085919
2023-04-01 13:45:19.372420,1521741332480.0,0.0,1.0,0.0,245567.109375,0.26220703125,-0.25238037109375,-0.74847412109375,0.554443359375,0.12255859375,-1.00537109375,-0.24755859375,-1.9375,-1.4375,1.3125,-1.0,-12.0,-6.0,-2.0,-4.0,-4.0,-3.0,0.0,-4.0,0.0,0.0,-1.8228408098220825,-0.11288873106241226,2.403661012649536,1970-01-03 15:12:47.103904
2023-04-01 13:45:19.394362,1521741332480.0,0.0,1.0,0.0,245567.125,0.26220703125,-0.25238037109375,-0.74847412109375,0.554443359375,0.12255859375,-1.00537109375,-0.24755859375,-1.9375,-1.4375,1.3125,-1.0,5.0,-4.0,1.0,1.0,0.0,0.0,0.0,0.0,0.0,0.0,-1.8228408098220825,-0.11288873106241226,2.403661012649536,1970-01-03 15:12:47.124784
2023-04-01 13:45:19.395359,1521741332480.0,0.0,1.0,0.0,245567.140625,0.26171875,-0.2525634765625,-0.74871826171875,0.55419921875,0.12109375,-1.02490234375,-0.2509765625,-3.5625,-1.75,1.75,-1.0,4.0,5.0,-1.0,0.0,-2.0,-1.0,0.0,0.0,0.0,0.0,-1.8237950801849365,-0.11220152676105499,2.403991937637329,1970-01-03 15:12:47.139161
2023-04-01 13:45:19.418298,1521741332480.0,0.0,1.0,0.0,245567.140625,0.26123046875,-0.25274658203125,-0.74884033203125,0.55426025390625,0.1171875,-0.99267578125,-0.25390625,-1.5,-1.625,2.25,-1.0,7.0,8.0,1.0,3.0,0.0,0.0,2.0,2.0,0.0,0.0,-1.824312448501587,-0.11129467189311981,2.4044599533081055,1970-01-03 15:12:47.145964
2023-04-01 13:45:19.419295,1521741332480.0,0.0,1.0,0.0,245567.15625,0.260986328125,-0.25274658203125,-0.74896240234375,0.55413818359375,0.125,-1.0009765625,-0.2470703125,-2.25,-1.5,1.375,-1.0,7.0,10.0,-3.0,0.0,4.0,0.0,1.0,5.0,0.0,0.0,-1.8247116804122925,-0.11105295270681381,2.4047274589538574,1970-01-03 15:12:47.163855
2023-04-01 13:45:19.441236,1521741332480.0,0.0,1.0,0.0,245567.1875,0.260986328125,-0.25274658203125,-0.74896240234375,0.55413818359375,0.125,-1.0009765625,-0.2470703125,-2.25,-1.5,1.375,-1.0,-5.0,0.0,0.0,-3.0,-2.0,0.0,-3.0,0.0,0.0,0.0,-1.8247116804122925,-0.11105295270681381,2.4047274589538574,1970-01-03 15:12:47.184712
2023-04-01 13:45:19.442234,1521741332480.0,0.0,1.0,0.0,245567.1875,0.26092529296875,-0.2528076171875,-0.7489013671875,0.55419921875,0.12060546875,-1.021484375,-0.23486328125,-1.625,-0.375,0.625,-1.0,3.0,-4.0,-2.0,1.0,-1.0,0.0,-2.0,-2.0,0.0,0.0,-1.8245874643325806,-0.11082980036735535,2.404676675796509,1970-01-03 15:12:47.186367
2023-04-01 13:45:19.465172,1521741332480.0,0.0,1.0,0.0,245567.203125,0.26092529296875,-0.2528076171875,-0.7489013671875,0.55419921875,0.12060546875,-1.021484375,-0.23486328125,-1.625,-0.375,0.625,-1.0,1.0,3.0,3.0,-2.0,-8.0,-1.0,0.0,1.0,0.0,0.0,-1.8245874643325806,-0.11082980036735535,2.404676675796509,1970-01-03 15:12:47.198510
2023-04-01 13:45:19.466170,1521741332480.0,0.0,1.0,0.0,245567.203125,0.261474609375,-0.2523193359375,-0.7481689453125,0.55517578125,0.126953125,-1.02783203125,-0.2001953125,3.4375,-0.125,-0.5625,-1.0,-5.0,-4.0,-2.0,-1.0,0.0,0.0,-3.0,-3.0,0.0,0.0,-1.8218014240264893,-0.11132097244262695,2.4046452045440674,1970-01-03 15:12:47.207417
2023-04-01 13:45:19.489108,1521741332480.0,0.0,1.0,0.0,245567.21875,0.26226806640625,-0.25152587890625,-0.74713134765625,0.5565185546875,0.13916015625,-1.01123046875,-0.19140625,7.125,-0.4375,-1.3125,-1.0,-2.0,-6.0,2.0,1.0,0.0,-1.0,-1.0,1.0,0.0,0.0,-1.8177874088287354,-0.112174853682518,2.404658079147339,1970-01-03 15:12:47.223944
2023-04-01 13:45:19.514083,1521741332480.0,0.0,1.0,0.0,245567.265625,0.26318359375,-0.25042724609375,-0.74609375,0.5579833984375,0.140625,-1.01171875,-0.17724609375,7.625,-1.0,-2.125,-1.0,-1.0,-5.0,2.0,1.0,0.0,-3.0,-1.0,-2.0,0.0,0.0,-1.8134620189666748,-0.11349426954984665,2.4050471782684326,1970-01-03 15:12:47.258962
2023-04-01 13:45:19.515080,1521741332480.0,0.0,1.0,0.0,245567.265625,0.26318359375,-0.25042724609375,-0.74609375,0.5579833984375,0.140625,-1.01171875,-0.17724609375,7.625,-1.0,-2.125,-1.0,3.0,8.0,2.0,-6.0,-10.0,-3.0,0.0,1.0,0.0,0.0,-1.8134620189666748,-0.11349426954984665,2.4050471782684326,1970-01-03 15:12:47.259054
2023-04-01 13:45:19.537021,1521741332480.0,0.0,1.0,0.0,245567.265625,0.2642822265625,-0.24920654296875,-0.74481201171875,0.55975341796875,0.14111328125,-1.0185546875,-0.16455078125,9.625,-1.0625,-3.125,-1.0,10.0,-12.0,-3.0,-2.0,-6.0,0.0,-1.0,-3.0,0.0,0.0,-1.8082667589187622,-0.1149456799030304,2.4053611755371094,1970-01-03 15:12:47.265830
2023-04-01 13:45:19.538019,1521741332480.0,0.0,1.0,0.0,245567.28125,0.2642822265625,-0.24920654296875,-0.74481201171875,0.55975341796875,0.14111328125,-1.0185546875,-0.16455078125,9.625,-1.0625,-3.125,-1.0,-1.0,-2.0,-5.0,4.0,3.0,-2.0,-1.0,-5.0,0.0,0.0,-1.8082667589187622,-0.1149456799030304,2.4053611755371094,1970-01-03 15:12:47.282261
2023-04-01 13:45:19.560957,1521741332480.0,0.0,1.0,0.0,245567.3125,0.2679443359375,-0.24609375,-0.740234375,0.5654296875,0.13330078125,-1.005859375,-0.1142578125,19.0625,2.125,-4.5,-1.0,0.0,7.0,-1.0,3.0,4.0,-1.0,4.0,-6.0,0.0,0.0,-1.791126012802124,-0.11866408586502075,2.4046173095703125,1970-01-03 15:12:47.306512
2023-04-01 13:45:19.583896,1521741332480.0,0.0,1.0,0.0,245567.3125,0.2679443359375,-0.24609375,-0.740234375,0.5654296875,0.13330078125,-1.005859375,-0.1142578125,19.0625,2.125,-4.5,-1.0,8.0,5.0,0.0,0.0,-6.0,0.0,-4.0,0.0,0.0,0.0,-1.791126012802124,-0.11866408586502075,2.4046173095703125,1970-01-03 15:12:47.318365
2023-04-01 13:45:19.606835,1521741332480.0,0.0,1.0,0.0,245567.34375,0.27447509765625,-0.242431640625,-0.73321533203125,0.572998046875,0.14501953125,-1.021484375,-0.05126953125,27.5625,8.0625,-7.125,-1.0,-2.0,6.0,-5.0,-4.0,-9.0,-4.0,-2.0,14.0,0.0,0.0,-1.7663010358810425,-0.12499824166297913,2.4002528190612793,1970-01-03 15:12:47.343861
2023-04-01 13:45:19.629773,1521741332480.0,0.0,1.0,0.0,245567.359375,0.27911376953125,-0.240234375,-0.72845458984375,0.57769775390625,0.15966796875,-1.02197265625,-0.01806640625,33.8125,11.125,-8.875,-1.0,-19.0,-16.0,-3.0,-1.0,-8.0,-2.0,2.0,-3.0,0.0,0.0,-1.7499618530273438,-0.1294388324022293,2.396333694458008,1970-01-03 15:12:47.366270
2023-04-01 13:45:19.652712,1521741332480.0,0.0,1.0,0.0,245567.390625,0.28466796875,-0.23785400390625,-0.72265625,0.58319091796875,0.1572265625,-1.02783203125,0.02978515625,40.0625,14.875,-10.4375,-1.0,5.0,1.0,-4.0,-2.0,23.0,5.0,0.0,0.0,0.0,0.0,-1.7305309772491455,-0.13440993428230286,2.3910841941833496,1970-01-03 15:12:47.387307
2023-04-01 13:45:19.675679,1521741332480.0,0.0,1.0,0.0,245567.40625,0.29107666015625,-0.23541259765625,-0.716064453125,0.58917236328125,0.14892578125,-1.03955078125,0.05419921875,45.5625,19.1875,-12.8125,-1.0,2.0,-10.0,-3.0,6.0,0.0,-5.0,-4.0,-6.0,0.0,0.0,-1.7089126110076904,-0.13991819322109222,2.384485960006714,1970-01-03 15:12:47.403868
2023-04-01 13:45:19.697592,1521741332480.0,0.0,1.0,0.0,245567.421875,0.29107666015625,-0.23541259765625,-0.716064453125,0.58917236328125,0.14892578125,-1.03955078125,0.05419921875,45.5625,19.1875,-12.8125,-1.0,-1.0,4.0,0.0,3.0,6.0,0.0,1.0,2.0,0.0,0.0,-1.7089126110076904,-0.13991819322109222,2.384485960006714,1970-01-03 15:12:47.424771
2023-04-01 13:45:19.698591,1521741332480.0,0.0,1.0,0.0,245567.4375,0.2991943359375,-0.23236083984375,-0.70849609375,0.595458984375,0.19580078125,-1.0703125,0.07763671875,53.6875,24.9375,-16.6875,-1.0,6.0,1.0,-5.0,-4.0,-2.0,-1.0,-1.0,3.0,0.0,0.0,-1.6841827630996704,-0.14777053892612457,2.375858783721924,1970-01-03 15:12:47.438424
2023-04-01 13:45:19.721528,1521741332480.0,0.0,1.0,0.0,245567.453125,0.3089599609375,-0.22918701171875,-0.69976806640625,0.6019287109375,0.23583984375,-1.08203125,0.072265625,62.9375,32.6875,-19.1875,-1.0,-7.0,-9.0,-1.0,1.0,-4.0,-1.0,-4.0,-4.0,0.0,0.0,-1.6563599109649658,-0.15713803470134735,2.364276170730591,1970-01-03 15:12:47.447436
2023-04-01 13:45:19.722525,1521741332480.0,0.0,1.0,0.0,245567.46875,0.320068359375,-0.22613525390625,-0.6904296875,0.6080322265625,0.27099609375,-1.0673828125,0.0625,67.9375,40.8125,-21.0625,-1.0,1.0,-4.0,-12.0,-7.0,-4.0,-3.0,0.0,14.0,0.0,0.0,-1.6272809505462646,-0.16776013374328613,2.3499605655670166,1970-01-03 15:12:47.463801
2023-04-01 13:45:19.744467,1521741332480.0,0.0,1.0,0.0,245567.484375,0.320068359375,-0.22613525390625,-0.6904296875,0.6080322265625,0.27099609375,-1.0673828125,0.0625,67.9375,40.8125,-21.0625,-1.0,0.0,-2.0,-4.0,0.0,-4.0,-4.0,-1.0,-3.0,0.0,0.0,-1.6272809505462646,-0.16776013374328613,2.3499605655670166,1970-01-03 15:12:47.484648
2023-04-01 13:45:19.745465,1521741332480.0,0.0,1.0,0.0,245567.484375,0.33160400390625,-0.22369384765625,-0.6807861328125,0.61358642578125,0.28076171875,-1.072265625,0.0791015625,67.625,45.9375,-20.875,-1.0,4.0,9.0,0.0,1.0,-1.0,1.0,2.0,-15.0,0.0,0.0,-1.5982518196105957,-0.17792914807796478,2.333491802215576,1970-01-03 15:12:47.486320
2023-04-01 13:45:19.768403,1521741332480.0,0.0,1.0,0.0,245567.5,0.34344482421875,-0.2215576171875,-0.67047119140625,0.61920166015625,0.28759765625,-1.10302734375,0.111328125,70.0625,49.8125,-20.6875,-1.0,-2.0,-3.0,-11.0,-8.0,1.0,4.0,4.0,6.0,0.0,0.0,-1.5679858922958374,-0.18725444376468658,2.315495014190674,1970-01-03 15:12:47.507349
2023-04-01 13:45:19.790344,1521741332480.0,0.0,1.0,0.0,245567.53125,0.34344482421875,-0.2215576171875,-0.67047119140625,0.61920166015625,0.28759765625,-1.10302734375,0.111328125,70.0625,49.8125,-20.6875,-1.0,1.0,-7.0,-31.0,-3.0,-4.0,-1.0,-1.0,0.0,0.0,0.0,-1.5679858922958374,-0.18725444376468658,2.315495014190674,1970-01-03 15:12:47.529701
2023-04-01 13:45:19.791343,1521741332480.0,0.0,1.0,0.0,245567.53125,0.356201171875,-0.21954345703125,-0.6593017578125,0.62469482421875,0.30029296875,-1.12548828125,0.1201171875,75.0625,55.625,-22.6875,-1.0,0.0,4.0,5.0,-3.0,-8.0,-3.0,-3.0,-3.0,0.0,0.0,-1.5358725786209106,-0.1966579556465149,2.2951018810272217,1970-01-03 15:12:47.531368
2023-04-01 13:45:19.814280,1521741332480.0,0.0,1.0,0.0,245567.5625,0.36993408203125,-0.21734619140625,-0.64715576171875,0.630126953125,0.30859375,-1.1298828125,0.12890625,82.4375,61.375,-26.4375,-1.0,-2.0,-4.0,8.0,-5.0,0.0,6.0,1.0,0.0,0.0,0.0,-1.5013660192489624,-0.2063600718975067,2.2724452018737793,1970-01-03 15:12:47.558241
2023-04-01 13:45:19.815277,1521741332480.0,0.0,1.0,0.0,245567.5625,0.36993408203125,-0.21734619140625,-0.64715576171875,0.630126953125,0.30859375,-1.1298828125,0.12890625,82.4375,61.375,-26.4375,-1.0,-1.0,5.0,-6.0,-4.0,-6.0,4.0,-1.0,-4.0,0.0,0.0,-1.5013660192489624,-0.2063600718975067,2.2724452018737793,1970-01-03 15:12:47.558331
2023-04-01 13:45:19.837219,1521741332480.0,0.0,1.0,0.0,245567.578125,0.38470458984375,-0.21478271484375,-0.634033203125,0.63555908203125,0.2998046875,-1.10205078125,0.12451171875,90.875,67.0,-30.9375,-1.0,-2.0,1.0,1.0,3.0,1.0,-2.0,0.0,18.0,0.0,0.0,-1.464381456375122,-0.21650420129299164,2.2477564811706543,1970-01-03 15:12:47.582149
2023-04-01 13:45:19.838216,1521741332480.0,0.0,1.0,0.0,245567.578125,0.400146484375,-0.21209716796875,-0.62005615234375,0.640625,0.27734375,-1.0869140625,0.154296875,94.625,71.0625,-35.75,-1.0,-3.0,-3.0,-3.0,-9.0,3.0,-1.0,-6.0,-3.0,0.0,0.0,-1.4254966974258423,-0.22640639543533325,2.2208292484283447,1970-01-03 15:12:47.583809
2023-04-01 13:45:19.861155,1521741332480.0,0.0,1.0,0.0,245567.609375,0.400146484375,-0.21209716796875,-0.62005615234375,0.640625,0.27734375,-1.0869140625,0.154296875,94.625,71.0625,-35.75,-1.0,-10.0,-4.0,2.0,2.0,-2.0,-2.0,-1.0,-3.0,0.0,0.0,-1.4254966974258423,-0.22640639543533325,2.2208292484283447,1970-01-03 15:12:47.605207
2023-04-01 13:45:19.883096,1521741332480.0,0.0,1.0,0.0,245567.609375,0.41607666015625,-0.20904541015625,-0.60540771484375,0.64544677734375,0.2666015625,-1.109375,0.208984375,97.125,73.0,-41.1875,-1.0,2.0,-3.0,13.0,1.0,-4.0,-1.0,5.0,23.0,0.0,0.0,-1.385032296180725,-0.23612473905086517,2.1925466060638428,1970-01-03 15:12:47.610817
2023-04-01 13:45:19.884094,1521741332480.0,0.0,1.0,0.0,245567.625,0.43280029296875,-0.2049560546875,-0.5902099609375,0.64984130859375,0.2587890625,-1.09033203125,0.22509765625,101.5625,73.75,-47.6875,-1.0,-3.0,-4.0,-7.0,1.0,-9.0,1.0,4.0,3.0,0.0,0.0,-1.3426610231399536,-0.24701254069805145,2.1630823612213135,1970-01-03 15:12:47.627345
2023-04-01 13:45:19.907032,1521741332480.0,0.0,1.0,0.0,245567.640625,0.4501953125,-0.20037841796875,-0.57513427734375,0.6529541015625,0.2724609375,-1.04248046875,0.17431640625,100.25,76.1875,-55.25,-1.0,3.0,5.0,2.0,6.0,-7.0,1.0,1.0,10.0,0.0,0.0,-1.3004570007324219,-0.25905758142471313,2.1318130493164062,1970-01-03 15:12:47.648360
2023-04-01 13:45:19.928974,1521741332480.0,0.0,1.0,0.0,245567.671875,0.4501953125,-0.20037841796875,-0.57513427734375,0.6529541015625,0.2724609375,-1.04248046875,0.17431640625,100.25,76.1875,-55.25,-1.0,3.0,7.0,12.0,0.0,-2.0,1.0,0.0,-9.0,0.0,0.0,-1.3004570007324219,-0.25905758142471313,2.1318130493164062,1970-01-03 15:12:47.664655
2023-04-01 13:45:19.929971,1521741332480.0,0.0,1.0,0.0,245567.671875,0.468017578125,-0.19635009765625,-0.561767578125,0.6533203125,0.28515625,-0.99560546875,0.1337890625,93.9375,80.875,-64.125,-1.0,-6.0,-9.0,2.0,-3.0,-7.0,-2.0,1.0,5.0,0.0,0.0,-1.2630460262298584,-0.2726403474807739,2.098339080810547,1970-01-03 15:12:47.666342
2023-04-01 13:45:19.952910,1521741332480.0,0.0,1.0,0.0,245567.6875,0.48553466796875,-0.193115234375,-0.54931640625,0.65203857421875,0.28369140625,-0.9775390625,0.11181640625,85.8125,83.1875,-67.0,-1.0,5.0,10.0,-17.0,-11.0,-5.0,-2.0,-5.0,-6.0,0.0,0.0,-1.2286537885665894,-0.2854478061199188,2.0634748935699463,1970-01-03 15:12:47.687251
2023-04-01 13:45:19.953907,1521741332480.0,0.0,1.0,0.0,245567.6875,0.48553466796875,-0.193115234375,-0.54931640625,0.65203857421875,0.28369140625,-0.9775390625,0.11181640625,85.8125,83.1875,-67.0,-1.0,-6.0,2.0,3.0,17.0,27.0,-3.0,-2.0,1.0,0.0,0.0,-1.2286537885665894,-0.2854478061199188,2.0634748935699463,1970-01-03 15:12:47.687341
2023-04-01 13:45:19.975848,1521741332480.0,0.0,1.0,0.0,245567.703125,0.48553466796875,-0.193115234375,-0.54931640625,0.65203857421875,0.28369140625,-0.9775390625,0.11181640625,85.8125,83.1875,-67.0,-1.0,6.0,0.0,-1.0,-14.0,-9.0,2.0,-3.0,2.0,0.0,0.0,-1.2286537885665894,-0.2854478061199188,2.0634748935699463,1970-01-03 15:12:47.701491
2023-04-01 13:45:19.976846,1521741332480.0,0.0,1.0,0.0,245567.703125,0.50201416015625,-0.1905517578125,-0.5380859375,0.64971923828125,0.28857421875,-0.951171875,0.109375,76.875,80.625,-65.375,-1.0,6.0,0.0,-2.0,-2.0,-10.0,-6.0,-15.0,16.0,0.0,0.0,-1.197965145111084,-0.29698991775512695,2.0294318199157715,1970-01-03 15:12:47.708377
2023-04-01 13:45:19.999785,1521741332480.0,0.0,1.0,0.0,245567.734375,0.51708984375,-0.1888427734375,-0.52813720703125,0.64654541015625,0.328125,-0.95166015625,0.1298828125,65.375,77.9375,-60.0,-1.0,-1.0,3.0,2.0,5.0,9.0,0.0,-5.0,0.0,0.0,0.0,-1.1712690591812134,-0.30678772926330566,1.9967577457427979,1970-01-03 15:12:47.738250
2023-04-01 13:45:20.000782,1521741332480.0,0.0,1.0,0.0,245567.734375,0.51708984375,-0.1888427734375,-0.52813720703125,0.64654541015625,0.328125,-0.95166015625,0.1298828125,65.375,77.9375,-60.0,-1.0,0.0,-6.0,-13.0,-4.0,-7.0,-1.0,-4.0,-1.0,0.0,0.0,-1.1712690591812134,-0.30678772926330566,1.9967577457427979,1970-01-03 15:12:47.738339
2023-04-01 13:45:20.022723,1521741332480.0,0.0,1.0,0.0,245567.75,0.5311279296875,-0.18853759765625,-0.518798828125,0.642822265625,0.3544921875,-0.94287109375,0.11328125,58.375,80.0625,-52.5625,-1.0,1.0,8.0,1.0,-2.0,-2.0,-3.0,-2.0,-17.0,0.0,0.0,-1.1476231813430786,-0.3138309717178345,1.964342474937439,1970-01-03 15:12:47.747360
2023-04-01 13:45:20.023720,1521741332480.0,0.0,1.0,0.0,245567.765625,0.54412841796875,-0.1890869140625,-0.5091552734375,0.63946533203125,0.333984375,-0.90625,0.091796875,58.5625,80.9375,-46.375,-1.0,0.0,-6.0,-4.0,-1.0,-8.0,-2.0,-3.0,3.0,0.0,0.0,-1.124530553817749,-0.3175738453865051,1.9326624870300293,1970-01-03 15:12:47.768377
2023-04-01 13:45:20.046660,1521741332480.0,0.0,1.0,0.0,245567.78125,0.55584716796875,-0.1900634765625,-0.499755859375,0.636474609375,0.28564453125,-0.8447265625,0.12255859375,53.25,76.25,-41.0,-1.0,3.0,5.0,6.0,2.0,3.0,1.0,3.0,7.0,0.0,0.0,-1.1028987169265747,-0.3190183639526367,1.903071403503418,1970-01-03 15:12:47.786258
2023-04-01 13:45:20.069598,1521741332480.0,0.0,1.0,0.0,245567.8125,0.55584716796875,-0.1900634765625,-0.499755859375,0.636474609375,0.28564453125,-0.8447265625,0.12255859375,53.25,76.25,-41.0,-1.0,-5.0,0.0,-10.0,1.0,-2.0,1.0,1.0,-14.0,0.0,0.0,-1.1028987169265747,-0.3190183639526367,1.903071403503418,1970-01-03 15:12:47.807365
2023-04-01 13:45:20.070595,1521741332480.0,0.0,1.0,0.0,245567.8125,0.565185546875,-0.19189453125,-0.49237060546875,0.6334228515625,0.2548828125,-0.796875,0.12109375,40.125,65.25,-32.875,-1.0,4.0,-10.0,-4.0,-2.0,-3.0,1.0,-2.0,-9.0,0.0,0.0,-1.0872151851654053,-0.3188352584838867,1.8782086372375488,1970-01-03 15:12:47.808829
2023-04-01 13:45:20.092537,1521741332480.0,0.0,1.0,0.0,245567.828125,0.565185546875,-0.19189453125,-0.49237060546875,0.6334228515625,0.2548828125,-0.796875,0.12109375,40.125,65.25,-32.875,-1.0,-7.0,-10.0,13.0,-1.0,5.0,-2.0,-4.0,-17.0,0.0,0.0,-1.0872151851654053,-0.3188352584838867,1.8782086372375488,1970-01-03 15:12:47.821512
2023-04-01 13:45:20.093535,1521741332480.0,0.0,1.0,0.0,245567.828125,0.572265625,-0.19488525390625,-0.48724365234375,0.630126953125,0.25634765625,-0.7939453125,0.11572265625,25.6875,56.625,-24.75,-1.0,-2.0,-1.0,-15.0,-7.0,-8.0,0.0,3.0,-2.0,0.0,0.0,-1.078264594078064,-0.3173612654209137,1.8578155040740967,1970-01-03 15:12:47.828438
2023-04-01 13:45:20.116473,1521741332480.0,0.0,1.0,0.0,245567.84375,0.572265625,-0.19488525390625,-0.48724365234375,0.630126953125,0.25634765625,-0.7939453125,0.11572265625,25.6875,56.625,-24.75,-1.0,-1.0,0.0,-17.0,-1.0,-1.0,0.0,0.0,1.0,0.0,0.0,-1.078264594078064,-0.3173612654209137,1.8578155040740967,1970-01-03 15:12:47.844670
2023-04-01 13:45:20.117470,1521741332480.0,0.0,1.0,0.0,245567.84375,0.57781982421875,-0.19873046875,-0.48297119140625,0.62713623046875,0.2373046875,-0.81201171875,0.1337890625,18.5625,51.3125,-18.4375,-1.0,2.0,2.0,-3.0,-1.0,-9.0,4.0,0.0,0.0,0.0,0.0,-1.0725605487823486,-0.31401365995407104,1.8402048349380493,1970-01-03 15:12:47.846242
2023-04-01 13:45:20.141407,1521741332480.0,0.0,1.0,0.0,245567.875,0.57781982421875,-0.19873046875,-0.48297119140625,0.62713623046875,0.2373046875,-0.81201171875,0.1337890625,18.5625,51.3125,-18.4375,-1.0,-1.0,2.0,-4.0,0.0,10.0,0.0,-3.0,-2.0,0.0,0.0,-1.0725605487823486,-0.31401365995407104,1.8402048349380493,1970-01-03 15:12:47.867236
2023-04-01 13:45:20.142404,1521741332480.0,0.0,1.0,0.0,245567.875,0.58251953125,-0.202392578125,-0.47857666015625,0.625,0.19873046875,-0.8017578125,0.15673828125,19.6875,46.0625,-14.5,-1.0,-13.0,-12.0,-5.0,-9.0,12.0,3.0,-2.0,-1.0,0.0,0.0,-1.0667623281478882,-0.3094867169857025,1.8247934579849243,1970-01-03 15:12:47.868821
2023-04-01 13:45:20.165342,1521741332480.0,0.0,1.0,0.0,245567.890625,0.58251953125,-0.202392578125,-0.47857666015625,0.625,0.19873046875,-0.8017578125,0.15673828125,19.6875,46.0625,-14.5,-1.0,-4.0,-10.0,-7.0,0.0,-5.0,3.0,1.0,-2.0,0.0,0.0,-1.0667623281478882,-0.3094867169857025,1.8247934579849243,1970-01-03 15:12:47.890021
2023-04-01 13:45:20.166340,1521741332480.0,0.0,1.0,0.0,245567.90625,0.58984375,-0.20703125,-0.4716796875,0.621826171875,0.20703125,-0.7509765625,0.23486328125,13.6875,28.4375,-11.4375,-1.0,-6.0,-3.0,-11.0,0.0,-2.0,-2.0,-2.0,-6.0,0.0,0.0,-1.0566107034683228,-0.30360233783721924,1.8016242980957031,1970-01-03 15:12:47.906336
2023-04-01 13:45:20.189278,1521741332480.0,0.0,1.0,0.0,245567.921875,0.58984375,-0.20703125,-0.4716796875,0.621826171875,0.20703125,-0.7509765625,0.23486328125,13.6875,28.4375,-11.4375,-1.0,2.0,11.0,23.0,-6.0,-6.0,-1.0,-1.0,2.0,0.0,0.0,-1.0566107034683228,-0.30360233783721924,1.8016242980957031,1970-01-03 15:12:47.927243
2023-04-01 13:45:20.190275,1521741332480.0,0.0,1.0,0.0,245567.921875,0.59173583984375,-0.20904541015625,-0.4703369140625,0.62042236328125,0.22509765625,-0.77685546875,0.2646484375,6.5,20.25,-7.625,-1.0,2.0,-1.0,12.0,11.0,14.0,1.0,-2.0,-1.0,0.0,0.0,-1.0559232234954834,-0.30179810523986816,1.7950023412704468,1970-01-03 15:12:47.928821
2023-04-01 13:45:20.213214,1521741332480.0,0.0,1.0,0.0,245567.953125,0.59259033203125,-0.2108154296875,-0.4697265625,0.61944580078125,0.21923828125,-0.78759765625,0.28515625,3.8125,13.0625,-4.1875,-1.0,4.0,-3.0,-3.0,-4.0,-10.0,-1.0,-4.0,-1.0,0.0,0.0,-1.0566340684890747,-0.30001378059387207,1.791054606437683,1970-01-03 15:12:47.948300
2023-04-01 13:45:20.236153,1521741332480.0,0.0,1.0,0.0,245567.96875,0.5931396484375,-0.21136474609375,-0.46929931640625,0.61907958984375,0.2255859375,-0.79443359375,0.31591796875,7.0625,6.25,-4.5,-1.0,-2.0,-1.0,-6.0,-9.0,-9.0,1.0,-1.0,-5.0,0.0,0.0,-1.0563308000564575,-0.2994731664657593,1.7891757488250732,1970-01-03 15:12:47.966191
2023-04-01 13:45:20.237150,1521741332480.0,0.0,1.0,0.0,245567.96875,0.5931396484375,-0.21136474609375,-0.46929931640625,0.61907958984375,0.2255859375,-0.79443359375,0.31591796875,7.0625,6.25,-4.5,-1.0,1.0,8.0,5.0,1.0,-1.0,-4.0,0.0,0.0,0.0,0.0,-1.0563308000564575,-0.2994731664657593,1.7891757488250732,1970-01-03 15:12:47.966277
2023-04-01 13:45:20.259091,1521741332480.0,0.0,1.0,0.0,245567.984375,0.5931396484375,-0.21136474609375,-0.46929931640625,0.61907958984375,0.2255859375,-0.79443359375,0.31591796875,7.0625,6.25,-4.5,-1.0,2.0,1.0,-6.0,-9.0,-3.0,0.0,1.0,-1.0,0.0,0.0,-1.0563308000564575,-0.2994731664657593,1.7891757488250732,1970-01-03 15:12:47.987300
2023-04-01 13:45:20.260089,1521741332480.0,0.0,1.0,0.0,245568.0,0.59320068359375,-0.21087646484375,-0.4688720703125,0.6195068359375,0.21923828125,-0.78955078125,0.3515625,10.1875,-0.5,-3.375,-1.0,-1.0,-1.0,-7.0,8.0,-7.0,-3.0,0.0,-1.0,0.0,0.0,-1.0548735857009888,-0.2994467616081238,1.7894506454467773,1970-01-03 15:12:48.000879
2023-04-01 13:45:20.283027,1521741332480.0,0.0,1.0,0.0,245568.03125,0.5927734375,-0.2099609375,-0.46929931640625,0.61993408203125,0.201171875,-0.7666015625,0.3623046875,6.375,-7.375,-4.0625,-1.0,-1.0,-2.0,7.0,3.0,1.0,-1.0,2.0,-1.0,0.0,0.0,-1.0547287464141846,-0.3005571663379669,1.7915117740631104,1970-01-03 15:12:48.024712
2023-04-01 13:45:20.284025,1521741332480.0,0.0,1.0,0.0,245568.03125,0.59197998046875,-0.208984375,-0.47100830078125,0.61968994140625,0.2177734375,-0.765625,0.3720703125,-0.9375,-11.75,-6.125,-1.0,-2.0,-14.0,-1.0,3.0,-2.0,3.0,0.0,-1.0,0.0,0.0,-1.0571186542510986,-0.30327144265174866,1.7945172786712646,1970-01-03 15:12:48.026335
2023-04-01 13:45:20.305966,1521741332480.0,0.0,1.0,0.0,245568.046875,0.59197998046875,-0.208984375,-0.47100830078125,0.61968994140625,0.2177734375,-0.765625,0.3720703125,-0.9375,-11.75,-6.125,-1.0,3.0,-1.0,4.0,0.0,-11.0,-5.0,-11.0,-3.0,0.0,0.0,-1.0571186542510986,-0.30327144265174866,1.7945172786712646,1970-01-03 15:12:48.047169
2023-04-01 13:45:20.306963,1521741332480.0,0.0,1.0,0.0,245568.046875,0.591064453125,-0.20782470703125,-0.47320556640625,0.6192626953125,0.25439453125,-0.81005859375,0.392578125,-2.6875,-13.625,-6.375,-1.0,-8.0,-10.0,-27.0,-9.0,-9.0,-4.0,-2.0,4.0,0.0,0.0,-1.060317873954773,-0.30678340792655945,1.7981020212173462,1970-01-03 15:12:48.048781
2023-04-01 13:45:20.328905,1521741332480.0,0.0,1.0,0.0,245568.0625,0.591064453125,-0.20782470703125,-0.47320556640625,0.6192626953125,0.25439453125,-0.81005859375,0.392578125,-2.6875,-13.625,-6.375,-1.0,-2.0,7.0,4.0,4.0,7.0,2.0,-1.0,1.0,0.0,0.0,-1.060317873954773,-0.30678340792655945,1.7981020212173462,1970-01-03 15:12:48.061718
2023-04-01 13:45:20.329903,1521741332480.0,0.0,1.0,0.0,245568.0625,0.59014892578125,-0.20623779296875,-0.47467041015625,0.6195068359375,0.25537109375,-0.79052734375,0.41064453125,1.6875,-13.8125,-3.875,-1.0,-7.0,-3.0,-6.0,1.0,-6.0,-2.0,2.0,-3.0,0.0,0.0,-1.0615514516830444,-0.30964550375938416,1.8019744157791138,1970-01-03 15:12:48.068307
2023-04-01 13:45:20.352841,1521741332480.0,0.0,1.0,0.0,245568.09375,0.58905029296875,-0.204833984375,-0.47601318359375,0.6199951171875,0.24951171875,-0.76220703125,0.41455078125,0.5625,-14.125,-1.6875,-1.0,4.0,5.0,3.0,0.0,-3.0,0.0,-2.0,-3.0,0.0,0.0,-1.0628459453582764,-0.31182828545570374,1.8062015771865845,1970-01-03 15:12:48.093800
2023-04-01 13:45:20.375780,1521741332480.0,0.0,1.0,0.0,245568.125,0.587646484375,-0.20416259765625,-0.47808837890625,0.6199951171875,0.26904296875,-0.77001953125,0.42822265625,-7.3125,-13.75,-0.125,-1.0,-3.0,1.0,0.0,0.0,-3.0,-4.0,-2.0,1.0,0.0,0.0,-1.0665974617004395,-0.31386202573776245,1.8106260299682617,1970-01-03 15:12:48.121419
2023-04-01 13:45:20.376777,1521741332480.0,0.0,1.0,0.0,245568.125,0.587646484375,-0.20416259765625,-0.47808837890625,0.6199951171875,0.26904296875,-0.77001953125,0.42822265625,-7.3125,-13.75,-0.125,-1.0,4.0,2.0,0.0,-1.0,-3.0,-2.0,-4.0,-4.0,0.0,0.0,-1.0665974617004395,-0.31386202573776245,1.8106260299682617,1970-01-03 15:12:48.121508
2023-04-01 13:45:20.399716,1521741332480.0,0.0,1.0,0.0,245568.140625,0.58612060546875,-0.2041015625,-0.47979736328125,0.62017822265625,0.26171875,-0.81103515625,0.4580078125,-7.8125,-12.0,1.4375,-1.0,1.0,-4.0,1.0,4.0,-7.0,-1.0,-1.0,2.0,0.0,0.0,-1.0703788995742798,-0.31443536281585693,1.8146934509277344,1970-01-03 15:12:48.144756
2023-04-01 13:45:20.421657,1521741332480.0,0.0,1.0,0.0,245568.140625,0.584716796875,-0.203857421875,-0.48077392578125,0.62078857421875,0.2470703125,-0.8125,0.46240234375,-4.0,-10.9375,1.9375,-1.0,-14.0,-8.0,-3.0,-3.0,8.0,0.0,-2.0,1.0,0.0,0.0,-1.0723999738693237,-0.31427648663520813,1.8183729648590088,1970-01-03 15:12:48.146234
2023-04-01 13:45:20.422654,1521741332480.0,0.0,1.0,0.0,245568.171875,0.584716796875,-0.203857421875,-0.48077392578125,0.62078857421875,0.2470703125,-0.8125,0.46240234375,-4.0,-10.9375,1.9375,-1.0,-2.0,-3.0,3.0,-2.0,-3.0,-3.0,0.0,3.0,0.0,0.0,-1.0723999738693237,-0.31427648663520813,1.8183729648590088,1970-01-03 15:12:48.166371
2023-04-01 13:45:20.445593,1521741332480.0,0.0,1.0,0.0,245568.171875,0.583740234375,-0.20343017578125,-0.48162841796875,0.62115478515625,0.24462890625,-0.79736328125,0.46337890625,-3.4375,-9.8125,-0.3125,-1.0,3.0,-4.0,0.0,-2.0,4.0,-1.0,2.0,0.0,0.0,0.0,-1.0738576650619507,-0.3147392272949219,1.82119619846344,1970-01-03 15:12:48.174755
2023-04-01 13:45:20.446590,1521741332480.0,0.0,1.0,0.0,245568.1875,0.5828857421875,-0.2030029296875,-0.4827880859375,0.6212158203125,0.2607421875,-0.78515625,0.462890625,-5.9375,-9.5,-1.125,-1.0,-3.0,-1.0,4.0,1.0,0.0,1.0,-2.0,1.0,0.0,0.0,-1.0759329795837402,-0.3158276677131653,1.8238734006881714,1970-01-03 15:12:48.188327
2023-04-01 13:45:20.469529,1521741332480.0,0.0,1.0,0.0,245568.203125,0.58197021484375,-0.2027587890625,-0.48431396484375,0.6209716796875,0.27734375,-0.8046875,0.46923828125,-8.625,-10.0625,-1.375,-1.0,1.0,5.0,3.0,4.0,-8.0,-2.0,3.0,0.0,0.0,0.0,-1.0789848566055298,-0.31718969345092773,1.8265365362167358,1970-01-03 15:12:48.206348
2023-04-01 13:45:20.492468,1521741332480.0,0.0,1.0,0.0,245568.234375,0.58197021484375,-0.2027587890625,-0.48431396484375,0.6209716796875,0.27734375,-0.8046875,0.46923828125,-8.625,-10.0625,-1.375,-1.0,-5.0,-6.0,2.0,-3.0,-4.0,-4.0,0.0,0.0,0.0,0.0,-1.0789848566055298,-0.31718969345092773,1.8265365362167358,1970-01-03 15:12:48.227223
2023-04-01 13:45:20.493465,1521741332480.0,0.0,1.0,0.0,245568.234375,0.58111572265625,-0.20233154296875,-0.48565673828125,0.620849609375,0.28662109375,-0.8212890625,0.48193359375,-7.375,-9.6875,-1.3125,-1.0,3.0,5.0,1.0,2.0,-7.0,-2.0,-4.0,4.0,0.0,0.0,-1.0814324617385864,-0.31857186555862427,1.8291676044464111,1970-01-03 15:12:48.228833
2023-04-01 13:45:20.515406,1521741332480.0,0.0,1.0,0.0,245568.25,0.58111572265625,-0.20233154296875,-0.48565673828125,0.620849609375,0.28662109375,-0.8212890625,0.48193359375,-7.375,-9.6875,-1.3125,-1.0,1.0,-4.0,-6.0,1.0,-2.0,-1.0,1.0,-1.0,0.0,0.0,-1.0814324617385864,-0.31857186555862427,1.8291676044464111,1970-01-03 15:12:48.249664
2023-04-01 13:45:20.516403,1521741332480.0,0.0,1.0,0.0,245568.25,0.580322265625,-0.20166015625,-0.48651123046875,0.62109375,0.28759765625,-0.8232421875,0.4638671875,-2.6875,-9.0,-0.5625,-1.0,-3.0,-16.0,-5.0,-4.0,-5.0,0.0,-2.0,3.0,0.0,0.0,-1.082571029663086,-0.31957897543907166,1.8317490816116333,1970-01-03 15:12:48.251304
2023-04-01 13:45:20.539343,1521741332480.0,0.0,1.0,0.0,245568.265625,0.57965087890625,-0.201171875,-0.48712158203125,0.6214599609375,0.26806640625,-0.79150390625,0.4482421875,-1.8125,-7.625,-0.1875,-1.0,6.0,8.0,4.0,2.0,-2.0,2.0,2.0,-2.0,0.0,0.0,-1.0834482908248901,-0.3201199173927307,1.8340588808059692,1970-01-03 15:12:48.266185
2023-04-01 13:45:20.540340,1521741332480.0,0.0,1.0,0.0,245568.265625,0.57965087890625,-0.201171875,-0.48712158203125,0.6214599609375,0.26806640625,-0.79150390625,0.4482421875,-1.8125,-7.625,-0.1875,-1.0,-7.0,-16.0,-2.0,-1.0,-2.0,-2.0,-1.0,-1.0,0.0,0.0,-1.0834482908248901,-0.3201199173927307,1.8340588808059692,1970-01-03 15:12:48.266271
2023-04-01 13:45:20.562281,1521741332480.0,0.0,1.0,0.0,245568.28125,0.57965087890625,-0.201171875,-0.48712158203125,0.6214599609375,0.26806640625,-0.79150390625,0.4482421875,-1.8125,-7.625,-0.1875,-1.0,3.0,3.0,8.0,4.0,0.0,-2.0,-2.0,-3.0,0.0,0.0,-1.0834482908248901,-0.3201199173927307,1.8340588808059692,1970-01-03 15:12:48.287184
2023-04-01 13:45:20.563279,1521741332480.0,0.0,1.0,0.0,245568.296875,0.57879638671875,-0.20123291015625,-0.4879150390625,0.62158203125,0.25390625,-0.7861328125,0.43359375,-5.0,-6.4375,0.375,-1.0,-6.0,-3.0,3.0,-1.0,3.0,-2.0,-2.0,-5.0,0.0,0.0,-1.085344910621643,-0.32007884979248047,1.836090326309204,1970-01-03 15:12:48.300843
2023-04-01 13:45:20.586217,1521741332480.0,0.0,1.0,0.0,245568.328125,0.57794189453125,-0.201904296875,-0.48895263671875,0.621337890625,0.26171875,-0.8115234375,0.4326171875,-7.9375,-4.8125,0.4375,-1.0,-1.0,-2.0,1.0,0.0,-6.0,2.0,0.0,-9.0,0.0,0.0,-1.0884671211242676,-0.31968849897384644,1.8376089334487915,1970-01-03 15:12:48.324838
2023-04-01 13:45:20.587215,1521741332480.0,0.0,1.0,0.0,245568.328125,0.577392578125,-0.2025146484375,-0.48980712890625,0.62103271484375,0.275390625,-0.830078125,0.44873046875,-7.625,-3.25,-0.4375,-1.0,-8.0,-15.0,-1.0,5.0,4.0,-2.0,-6.0,2.0,0.0,0.0,-1.091097354888916,-0.3194933235645294,1.8385635614395142,1970-01-03 15:12:48.326336
2023-04-01 13:45:20.610153,1521741332480.0,0.0,1.0,0.0,245568.34375,0.577392578125,-0.2025146484375,-0.48980712890625,0.62103271484375,0.275390625,-0.830078125,0.44873046875,-7.625,-3.25,-0.4375,-1.0,-2.0,4.0,2.0,3.0,-2.0,4.0,-1.0,14.0,0.0,0.0,-1.091097354888916,-0.3194933235645294,1.8385635614395142,1970-01-03 15:12:48.347278
2023-04-01 13:45:20.611151,1521741332480.0,0.0,1.0,0.0,245568.34375,0.5771484375,-0.20269775390625,-0.49005126953125,0.62103271484375,0.28271484375,-0.8154296875,0.46435546875,-4.375,-2.5,-0.25,-1.0,-2.0,-1.0,1.0,0.0,2.0,-2.0,-2.0,0.0,0.0,0.0,-1.0918852090835571,-0.3192986845970154,1.8390564918518066,1970-01-03 15:12:48.348734
2023-04-01 13:45:20.634089,1521741332480.0,0.0,1.0,0.0,245568.375,0.5767822265625,-0.2027587890625,-0.48992919921875,0.62139892578125,0.26416015625,-0.8046875,0.47216796875,-2.25,-3.0625,0.75,-1.0,-2.0,12.0,3.0,-1.0,2.0,0.0,1.0,1.0,0.0,0.0,-1.0917705297470093,-0.3185361921787262,1.839743733406067,1970-01-03 15:12:48.369739
2023-04-01 13:45:20.635087,1521741332480.0,0.0,1.0,0.0,245568.375,0.5767822265625,-0.2027587890625,-0.48992919921875,0.62139892578125,0.26416015625,-0.8046875,0.47216796875,-2.25,-3.0625,0.75,-1.0,-3.0,-23.0,0.0,3.0,3.0,0.0,0.0,-2.0,0.0,0.0,-1.0917705297470093,-0.3185361921787262,1.839743733406067,1970-01-03 15:12:48.369827
2023-04-01 13:45:20.657028,1521741332480.0,0.0,1.0,0.0,245568.390625,0.5767822265625,-0.2027587890625,-0.48992919921875,0.62139892578125,0.26416015625,-0.8046875,0.47216796875,-2.25,-3.0625,0.75,-1.0,-3.0,-4.0,-7.0,-6.0,-6.0,-2.0,0.0,-3.0,0.0,0.0,-1.0917705297470093,-0.3185361921787262,1.839743733406067,1970-01-03 15:12:48.384810
2023-04-01 13:45:20.658025,1521741332480.0,0.0,1.0,0.0,245568.390625,0.576416015625,-0.20257568359375,-0.49005126953125,0.6217041015625,0.26806640625,-0.802734375,0.46484375,-2.6875,-4.5625,-0.0625,-1.0,-1.0,9.0,-2.0,-13.0,-10.0,-4.0,-1.0,-6.0,0.0,0.0,-1.0918996334075928,-0.31841593980789185,1.8408221006393433,1970-01-03 15:12:48.386304
2023-04-01 13:45:20.680965,1521741332480.0,0.0,1.0,0.0,245568.40625,0.57598876953125,-0.2021484375,-0.49053955078125,0.62188720703125,0.28271484375,-0.810546875,0.4560546875,-2.3125,-5.6875,-0.875,-1.0,-6.0,1.0,-6.0,4.0,2.0,-1.0,0.0,0.0,0.0,0.0,-1.092530369758606,-0.31904879212379456,1.8424084186553955,1970-01-03 15:12:48.408919
2023-04-01 13:45:20.681962,1521741332480.0,0.0,1.0,0.0,245568.421875,0.57598876953125,-0.2021484375,-0.49053955078125,0.62188720703125,0.28271484375,-0.810546875,0.4560546875,-2.3125,-5.6875,-0.875,-1.0,7.0,7.0,-5.0,2.0,-2.0,-3.0,-2.0,-3.0,0.0,0.0,-1.092530369758606,-0.31904879212379456,1.8424084186553955,1970-01-03 15:12:48.420841
2023-04-01 13:45:20.703903,1521741332480.0,0.0,1.0,0.0,245568.4375,0.575927734375,-0.20147705078125,-0.49078369140625,0.6219482421875,0.2861328125,-0.80908203125,0.4462890625,-0.0625,-4.9375,-2.5,-1.0,1.0,-8.0,1.0,4.0,-6.0,-1.0,-1.0,-2.0,0.0,0.0,-1.0922609567642212,-0.32013562321662903,1.8432087898254395,1970-01-03 15:12:48.429774
2023-04-01 13:45:20.704900,1521741332480.0,0.0,1.0,0.0,245568.453125,0.575927734375,-0.20068359375,-0.49090576171875,0.6220703125,0.28564453125,-0.7978515625,0.439453125,1.0,-4.125,-3.0,-1.0,-6.0,2.0,-2.0,-1.0,2.0,3.0,-1.0,-2.0,0.0,0.0,-1.0915764570236206,-0.3212721347808838,1.8439275026321411,1970-01-03 15:12:48.446347
2023-04-01 13:45:20.727839,1521741332480.0,0.0,1.0,0.0,245568.46875,0.57598876953125,-0.2001953125,-0.49114990234375,0.62200927734375,0.28271484375,-0.7958984375,0.42919921875,-0.375,-3.25,-2.8125,-1.0,-11.0,-4.0,5.0,0.0,1.0,-1.0,0.0,-2.0,0.0,0.0,-1.0915157794952393,-0.3222979009151459,1.8443671464920044,1970-01-03 15:12:48.468747
2023-04-01 13:45:20.728836,1521741332480.0,0.0,1.0,0.0,245568.46875,0.57598876953125,-0.2001953125,-0.49114990234375,0.62200927734375,0.28271484375,-0.7958984375,0.42919921875,-0.375,-3.25,-2.8125,-1.0,-2.0,-3.0,-2.0,-1.0,-1.0,-1.0,3.0,0.0,0.0,0.0,-1.0915157794952393,-0.3222979009151459,1.8443671464920044,1970-01-03 15:12:48.468833
2023-04-01 13:45:20.750777,1521741332480.0,0.0,1.0,0.0,245568.484375,0.575927734375,-0.19989013671875,-0.49139404296875,0.6219482421875,0.29296875,-0.7998046875,0.43017578125,-1.0,-2.75,-1.875,-1.0,-2.0,8.0,3.0,9.0,-2.0,0.0,-1.0,3.0,0.0,0.0,-1.0916719436645508,-0.32295721769332886,1.8447993993759155,1970-01-03 15:12:48.489794
2023-04-01 13:45:20.751775,1521741332480.0,0.0,1.0,0.0,245568.484375,0.575927734375,-0.19989013671875,-0.49139404296875,0.6219482421875,0.29296875,-0.7998046875,0.43017578125,-1.0,-2.75,-1.875,-1.0,5.0,9.0,0.0,-8.0,-6.0,-2.0,-1.0,-4.0,0.0,0.0,-1.0916719436645508,-0.32295721769332886,1.8447993993759155,1970-01-03 15:12:48.489883
2023-04-01 13:45:20.774713,1521741332480.0,0.0,1.0,0.0,245568.5,0.575927734375,-0.19970703125,-0.49151611328125,0.6219482421875,0.29833984375,-0.7958984375,0.4267578125,-0.8125,-1.5,-0.75,-1.0,-3.0,-2.0,-5.0,2.0,-6.0,-3.0,-1.0,-1.0,0.0,0.0,-1.0917308330535889,-0.32334569096565247,1.8450803756713867,1970-01-03 15:12:48.506286
2023-04-01 13:45:20.796655,1521741332480.0,0.0,1.0,0.0,245568.53125,0.575927734375,-0.19970703125,-0.49151611328125,0.6219482421875,0.29833984375,-0.7958984375,0.4267578125,-0.8125,-1.5,-0.75,-1.0,3.0,9.0,9.0,-2.0,-5.0,3.0,0.0,2.0,0.0,0.0,-1.0917308330535889,-0.32334569096565247,1.8450803756713867,1970-01-03 15:12:48.527202
2023-04-01 13:45:20.797652,1521741332480.0,0.0,1.0,0.0,245568.546875,0.575927734375,-0.19970703125,-0.491455078125,0.62200927734375,0.28466796875,-0.791015625,0.43408203125,0.3125,-0.6875,0.625,-1.0,7.0,5.0,19.0,0.0,-4.0,1.0,0.0,-2.0,0.0,0.0,-1.0916107892990112,-0.3232458531856537,1.845099687576294,1970-01-03 15:12:48.540917
2023-04-01 13:45:20.820591,1521741332480.0,0.0,1.0,0.0,245568.546875,0.57586669921875,-0.19976806640625,-0.49139404296875,0.62200927734375,0.2705078125,-0.80078125,0.42138671875,0.125,-0.25,0.25,-1.0,-1.0,-5.0,-6.0,-2.0,3.0,1.0,0.0,0.0,0.0,0.0,-1.0915294885635376,-0.3230283558368683,1.8449894189834595,1970-01-03 15:12:48.549839
2023-04-01 13:45:20.821588,1521741332480.0,0.0,1.0,0.0,245568.5625,0.57586669921875,-0.1998291015625,-0.49139404296875,0.6220703125,0.275390625,-0.79638671875,0.41552734375,-0.6875,-0.4375,-0.625,-1.0,-1.0,-5.0,0.0,4.0,12.0,0.0,0.0,-1.0,0.0,0.0,-1.0916385650634766,-0.32292258739471436,1.8451063632965088,1970-01-03 15:12:48.566294
2023-04-01 13:45:20.843529,1521741332480.0,0.0,1.0,0.0,245568.59375,0.57586669921875,-0.1998291015625,-0.49139404296875,0.6220703125,0.275390625,-0.79638671875,0.41552734375,-0.6875,-0.4375,-0.625,-1.0,-2.0,-1.0,1.0,-2.0,-1.0,-1.0,1.0,3.0,0.0,0.0,-1.0916385650634766,-0.32292258739471436,1.8451063632965088,1970-01-03 15:12:48.587186
2023-04-01 13:45:20.844527,1521741332480.0,0.0,1.0,0.0,245568.59375,0.57586669921875,-0.20013427734375,-0.49139404296875,0.6219482421875,0.2744140625,-0.802734375,0.42333984375,-1.9375,0.0625,-1.3125,-1.0,1.0,-1.0,-4.0,-1.0,-1.0,-3.0,-6.0,-3.0,0.0,0.0,-1.0919795036315918,-0.3225737512111664,1.844752550125122,1970-01-03 15:12:48.588852
2023-04-01 13:45:20.867466,1521741332480.0,0.0,1.0,0.0,245568.609375,0.575927734375,-0.200439453125,-0.49163818359375,0.62164306640625,0.2802734375,-0.80908203125,0.42578125,-3.0625,0.0,-1.8125,-1.0,1.0,-4.0,0.0,0.0,-3.0,-3.0,-2.0,-1.0,0.0,0.0,-1.0928418636322021,-0.32266223430633545,1.8444344997406006,1970-01-03 15:12:48.611295
2023-04-01 13:45:20.868463,1521741332480.0,0.0,1.0,0.0,245568.609375,0.575927734375,-0.200439453125,-0.49163818359375,0.62164306640625,0.2802734375,-0.80908203125,0.42578125,-3.0625,0.0,-1.8125,-1.0,3.0,3.0,0.0,2.0,-2.0,-1.0,-1.0,0.0,0.0,0.0,-1.0928418636322021,-0.32266223430633545,1.8444344997406006,1970-01-03 15:12:48.611381
2023-04-01 13:45:20.890404,1521741332480.0,0.0,1.0,0.0,245568.625,0.575927734375,-0.200439453125,-0.49163818359375,0.62164306640625,0.2802734375,-0.80908203125,0.42578125,-3.0625,0.0,-1.8125,-1.0,-1.0,-1.0,-5.0,-6.0,-5.0,0.0,-1.0,-1.0,0.0,0.0,-1.0928418636322021,-0.32266223430633545,1.8444344997406006,1970-01-03 15:12:48.624784
2023-04-01 13:45:20.891401,1521741332480.0,0.0,1.0,0.0,245568.625,0.57586669921875,-0.20062255859375,-0.4918212890625,0.6214599609375,0.29833984375,-0.8115234375,0.43408203125,-2.625,-0.4375,-0.625,-1.0,-1.0,-6.0,-3.0,-1.0,2.0,2.0,4.0,3.0,0.0,0.0,-1.0934300422668457,-0.3226587474346161,1.844347357749939,1970-01-03 15:12:48.626318
2023-04-01 13:45:20.914340,1521741332480.0,0.0,1.0,0.0,245568.65625,0.5755615234375,-0.20098876953125,-0.4918212890625,0.62164306640625,0.29345703125,-0.7978515625,0.41943359375,-1.625,-0.1875,2.4375,-1.0,-3.0,0.0,0.0,3.0,4.0,0.0,-2.0,0.0,0.0,0.0,-1.0939375162124634,-0.3217848241329193,1.8447548151016235,1970-01-03 15:12:48.648827
2023-04-01 13:45:20.915337,1521741332480.0,0.0,1.0,0.0,245568.65625,0.5755615234375,-0.20098876953125,-0.4918212890625,0.62164306640625,0.29345703125,-0.7978515625,0.41943359375,-1.625,-0.1875,2.4375,-1.0,-4.0,-8.0,10.0,-7.0,9.0,3.0,0.0,-2.0,0.0,0.0,-1.0939375162124634,-0.3217848241329193,1.8447548151016235,1970-01-03 15:12:48.660850
2023-04-01 13:45:20.937280,1521741332480.0,0.0,1.0,0.0,245568.671875,0.57489013671875,-0.20166015625,-0.4918212890625,0.6220703125,0.2900390625,-0.8076171875,0.4208984375,-2.0,-0.4375,4.8125,-1.0,5.0,6.0,0.0,1.0,-4.0,-1.0,1.0,4.0,0.0,0.0,-1.094889521598816,-0.3200276792049408,1.8457423448562622,1970-01-03 15:12:48.669728
2023-04-01 13:45:20.938277,1521741332480.0,0.0,1.0,0.0,245568.671875,0.57489013671875,-0.20166015625,-0.4918212890625,0.6220703125,0.2900390625,-0.8076171875,0.4208984375,-2.0,-0.4375,4.8125,-1.0,-1.0,-4.0,-2.0,1.0,-1.0,-2.0,-1.0,-1.0,0.0,0.0,-1.094889521598816,-0.3200276792049408,1.8457423448562622,1970-01-03 15:12:48.669818
2023-04-01 13:45:20.960218,1521741332480.0,0.0,1.0,0.0,245568.6875,0.57489013671875,-0.20166015625,-0.4918212890625,0.6220703125,0.2900390625,-0.8076171875,0.4208984375,-2.0,-0.4375,4.8125,-1.0,3.0,8.0,1.0,-1.0,-3.0,-2.0,-2.0,0.0,0.0,0.0,-1.094889521598816,-0.3200276792049408,1.8457423448562622,1970-01-03 15:12:48.684852
2023-04-01 13:45:20.961215,1521741332480.0,0.0,1.0,0.0,245568.6875,0.57421875,-0.202392578125,-0.4915771484375,0.62261962890625,0.2744140625,-0.81005859375,0.4287109375,-1.625,-0.5,5.0,-1.0,1.0,12.0,4.0,-1.0,-10.0,0.0,0.0,5.0,0.0,0.0,-1.0953831672668457,-0.31784310936927795,1.8465220928192139,1970-01-03 15:12:48.686296
2023-04-01 13:45:20.983157,1521741332480.0,0.0,1.0,0.0,245568.703125,0.57421875,-0.202392578125,-0.4915771484375,0.62261962890625,0.2744140625,-0.81005859375,0.4287109375,-1.625,-0.5,5.0,-1.0,-1.0,-7.0,-7.0,-2.0,8.0,1.0,-2.0,-4.0,0.0,0.0,-1.0953831672668457,-0.31784310936927795,1.8465220928192139,1970-01-03 15:12:48.707314
2023-04-01 13:45:20.984183,1521741332480.0,0.0,1.0,0.0,245568.734375,0.5736083984375,-0.20281982421875,-0.4912109375,0.62335205078125,0.26904296875,-0.796875,0.4296875,0.25,-0.75,4.6875,-1.0,-3.0,-9.0,-3.0,-1.0,-4.0,6.0,1.0,-3.0,0.0,0.0,-1.0952776670455933,-0.3158969283103943,1.847540259361267,1970-01-03 15:12:48.729847
2023-04-01 13:45:21.007121,1521741332480.0,0.0,1.0,0.0,245568.734375,0.57305908203125,-0.203125,-0.4908447265625,0.62396240234375,0.26611328125,-0.79296875,0.42822265625,-0.125,-1.1875,4.0,-1.0,-2.0,1.0,-1.0,2.0,4.0,-3.0,-4.0,-3.0,0.0,0.0,-1.0949666500091553,-0.3142269253730774,1.848305344581604,1970-01-03 15:12:48.731305
2023-04-01 13:45:21.008118,1521741332480.0,0.0,1.0,0.0,245568.75,0.57257080078125,-0.20330810546875,-0.49072265625,0.62451171875,0.27197265625,-0.798828125,0.43505859375,-0.5,-2.0625,3.0,-1.0,-6.0,-8.0,-3.0,-4.0,-6.0,-2.0,-3.0,-2.0,0.0,0.0,-1.0950734615325928,-0.31310099363327026,1.8494064807891846,1970-01-03 15:12:48.746285
2023-04-01 13:45:21.031029,1521741332480.0,0.0,1.0,0.0,245568.765625,0.5721435546875,-0.20330810546875,-0.49072265625,0.6248779296875,0.27587890625,-0.802734375,0.43017578125,-0.3125,-2.6875,1.75,-1.0,2.0,3.0,4.0,5.0,-4.0,-1.0,-2.0,-2.0,0.0,0.0,-1.0951628684997559,-0.31250378489494324,1.8503642082214355,1970-01-03 15:12:48.768798
2023-04-01 13:45:21.053967,1521741332480.0,0.0,1.0,0.0,245568.796875,0.5721435546875,-0.20330810546875,-0.49072265625,0.6248779296875,0.27587890625,-0.802734375,0.43017578125,-0.3125,-2.6875,1.75,-1.0,1.0,-1.0,0.0,3.0,8.0,0.0,0.0,-1.0,0.0,0.0,-1.0951628684997559,-0.31250378489494324,1.8503642082214355,1970-01-03 15:12:48.789815
2023-04-01 13:45:21.054996,1521741332480.0,0.0,1.0,0.0,245568.796875,0.5718994140625,-0.20294189453125,-0.49072265625,0.625244140625,0.2783203125,-0.79736328125,0.423828125,1.0,-3.0,0.5625,-1.0,-4.0,-3.0,2.0,5.0,-5.0,0.0,0.0,-2.0,0.0,0.0,-1.0948084592819214,-0.3125767409801483,1.8513603210449219,1970-01-03 15:12:48.791397
2023-04-01 13:45:21.077932,1521741332480.0,0.0,1.0,0.0,245568.8125,0.57177734375,-0.2025146484375,-0.49078369140625,0.62548828125,0.283203125,-0.7861328125,0.42138671875,0.6875,-2.8125,-0.375,-1.0,-5.0,-6.0,-3.0,-1.0,5.0,-1.0,-2.0,-2.0,0.0,0.0,-1.0944896936416626,-0.3129817545413971,1.8521760702133179,1970-01-03 15:12:48.806225
2023-04-01 13:45:21.100842,1521741332480.0,0.0,1.0,0.0,245568.828125,0.57177734375,-0.2025146484375,-0.49078369140625,0.62548828125,0.283203125,-0.7861328125,0.42138671875,0.6875,-2.8125,-0.375,-1.0,2.0,6.0,2.0,-1.0,-11.0,0.0,-1.0,-1.0,0.0,0.0,-1.0944896936416626,-0.3129817545413971,1.8521760702133179,1970-01-03 15:12:48.827267
2023-04-01 13:45:21.101841,1521741332480.0,0.0,1.0,0.0,245568.828125,0.5716552734375,-0.20208740234375,-0.4908447265625,0.62567138671875,0.2861328125,-0.77734375,0.4208984375,0.3125,-2.5625,-0.125,-1.0,1.0,-2.0,-1.0,0.0,1.0,0.0,1.0,-1.0,0.0,0.0,-1.0941429138183594,-0.31341317296028137,1.8528584241867065,1970-01-03 15:12:48.828945
2023-04-01 13:45:21.124778,1521741332480.0,0.0,1.0,0.0,245568.84375,0.571533203125,-0.201904296875,-0.4910888671875,0.6256103515625,0.28515625,-0.7939453125,0.416015625,-0.875,-2.25,-1.0625,-1.0,-1.0,3.0,1.0,2.0,-3.0,-1.0,0.0,-6.0,0.0,0.0,-1.0944463014602661,-0.3138473629951477,1.853277325630188,1970-01-03 15:12:48.851155
2023-04-01 13:45:21.125775,1521741332480.0,0.0,1.0,0.0,245568.875,0.5716552734375,-0.20159912109375,-0.4912109375,0.62548828125,0.28564453125,-0.80029296875,0.41943359375,-0.125,-1.25,-2.375,-1.0,-1.0,-8.0,2.0,10.0,-7.0,-1.0,-3.0,-2.0,0.0,0.0,-1.0943115949630737,-0.3145734369754791,1.8532805442810059,1970-01-03 15:12:48.870844
2023-04-01 13:45:21.148714,1521741332480.0,0.0,1.0,0.0,245568.890625,0.5718994140625,-0.2012939453125,-0.4912109375,0.6253662109375,0.27734375,-0.81005859375,0.42724609375,0.4375,-1.3125,-3.1875,-1.0,-5.0,-8.0,-1.0,-2.0,-3.0,-4.0,-2.0,-1.0,0.0,0.0,-1.0939029455184937,-0.31527888774871826,1.8530113697052002,1970-01-03 15:12:48.888825
2023-04-01 13:45:21.179631,1521741332480.0,0.0,1.0,0.0,245568.921875,0.5718994140625,-0.2012939453125,-0.4912109375,0.6253662109375,0.27734375,-0.81005859375,0.42724609375,0.4375,-1.3125,-3.1875,-1.0,5.0,7.0,2.0,13.0,8.0,3.0,-1.0,1.0,0.0,0.0,-1.0939029455184937,-0.31527888774871826,1.8530113697052002,1970-01-03 15:12:48.926093
2023-04-01 13:45:21.202570,1521741332480.0,0.0,1.0,0.0,245568.921875,0.57232666015625,-0.20062255859375,-0.4912109375,0.62518310546875,0.2900390625,-0.80078125,0.42529296875,1.5,-1.3125,-4.1875,-1.0,-6.0,-2.0,3.0,2.0,1.0,0.0,1.0,-2.0,0.0,0.0,-1.0930233001708984,-0.31668126583099365,1.8526465892791748,1970-01-03 15:12:48.928313
2023-04-01 13:45:21.203567,1521741332480.0,0.0,1.0,0.0,245568.953125,0.5726318359375,-0.19976806640625,-0.491943359375,0.6246337890625,0.3037109375,-0.80615234375,0.4150390625,-2.0625,-1.9375,-2.25,-1.0,-11.0,-3.0,-1.0,-5.0,-7.0,-1.0,1.0,-1.0,0.0,0.0,-1.0934975147247314,-0.31923583149909973,1.8529471158981323,1970-01-03 15:12:48.948832
2023-04-01 13:45:21.226506,1521741332480.0,0.0,1.0,0.0,245568.96875,0.5726318359375,-0.19976806640625,-0.491943359375,0.6246337890625,0.3037109375,-0.80615234375,0.4150390625,-2.0625,-1.9375,-2.25,-1.0,9.0,7.0,1.0,0.0,3.0,-2.0,-1.0,0.0,0.0,0.0,-1.0934975147247314,-0.31923583149909973,1.8529471158981323,1970-01-03 15:12:48.969667
2023-04-01 13:45:21.227503,1521741332480.0,0.0,1.0,0.0,245568.96875,0.57257080078125,-0.1995849609375,-0.4920654296875,0.6246337890625,0.3056640625,-0.806640625,0.42333984375,-0.375,-1.5,-0.3125,-1.0,1.0,6.0,-5.0,-4.0,1.0,-3.0,4.0,1.0,0.0,0.0,-1.093545913696289,-0.3195607364177704,1.8532510995864868,1970-01-03 15:12:48.971268
2023-04-01 13:45:21.250443,1521741332480.0,0.0,1.0,0.0,245568.984375,0.57257080078125,-0.1995849609375,-0.4920654296875,0.6246337890625,0.3056640625,-0.806640625,0.42333984375,-0.375,-1.5,-0.3125,-1.0,-4.0,-6.0,-1.0,1.0,-8.0,-1.0,-1.0,-4.0,0.0,0.0,-1.093545913696289,-0.3195607364177704,1.8532510995864868,1970-01-03 15:12:48.984005
2023-04-01 13:45:21.251439,1521741332480.0,0.0,1.0,0.0,245568.984375,0.57257080078125,-0.1995849609375,-0.4920654296875,0.6246337890625,0.3056640625,-0.806640625,0.42333984375,-0.375,-1.5,-0.3125,-1.0,3.0,-3.0,0.0,2.0,9.0,-2.0,-2.0,0.0,0.0,0.0,-1.093545913696289,-0.3195607364177704,1.8532510995864868,1970-01-03 15:12:48.984103
2023-04-01 13:45:21.273381,1521741332480.0,0.0,1.0,0.0,245569.0,0.57232666015625,-0.19952392578125,-0.49176025390625,0.62506103515625,0.279296875,-0.7978515625,0.4306640625,1.25,-1.1875,1.3125,-1.0,1.0,-1.0,-2.0,-2.0,-5.0,-1.0,-4.0,0.0,0.0,0.0,-1.0928765535354614,-0.31884053349494934,1.853723168373108,1970-01-03 15:12:48.998359
2023-04-01 13:45:21.274378,1521741332480.0,0.0,1.0,0.0,245569.015625,0.57208251953125,-0.199462890625,-0.4915771484375,0.62548828125,0.2744140625,-0.79150390625,0.4267578125,0.75,-1.5,1.25,-1.0,-4.0,-5.0,-5.0,-5.0,-2.0,0.0,-1.0,-1.0,0.0,0.0,-1.092505931854248,-0.31826797127723694,1.8544247150421143,1970-01-03 15:12:49.008941
2023-04-01 13:45:21.298342,1521741332480.0,0.0,1.0,0.0,245569.046875,0.57183837890625,-0.19940185546875,-0.49163818359375,0.625732421875,0.28369140625,-0.802734375,0.42138671875,-0.0625,-2.0,0.6875,-1.0,-4.0,-2.0,-4.0,0.0,2.0,0.0,-2.0,-1.0,0.0,0.0,-1.0926448106765747,-0.31806662678718567,1.8551816940307617,1970-01-03 15:12:49.044170
2023-04-01 13:45:21.321282,1521741332480.0,0.0,1.0,0.0,245569.0625,0.57147216796875,-0.19927978515625,-0.491943359375,0.62579345703125,0.291015625,-0.79541015625,0.39990234375,-0.3125,-2.5,0.375,-1.0,0.0,5.0,1.0,5.0,-3.0,-3.0,-3.0,-4.0,0.0,0.0,-1.0931907892227173,-0.31818997859954834,1.8560571670532227,1970-01-03 15:12:49.067379
2023-04-01 13:45:21.345219,1521741332480.0,0.0,1.0,0.0,245569.09375,0.57110595703125,-0.19921875,-0.49261474609375,0.6256103515625,0.30810546875,-0.79443359375,0.39501953125,-2.1875,-2.75,0.5,-1.0,1.0,-2.0,3.0,-1.0,0.0,3.0,-2.0,2.0,0.0,0.0,-1.0945968627929688,-0.31877532601356506,1.8570665121078491,1970-01-03 15:12:49.089879
2023-04-01 13:45:21.367131,1521741332480.0,0.0,1.0,0.0,245569.09375,0.5704345703125,-0.19952392578125,-0.49371337890625,0.62530517578125,0.3115234375,-0.7958984375,0.38330078125,-5.3125,-2.9375,1.9375,-1.0,1.0,1.0,-1.0,0.0,-2.0,-3.0,-3.0,-1.0,0.0,0.0,-1.0974103212356567,-0.3191247880458832,1.8586182594299316,1970-01-03 15:12:49.091354
2023-04-01 13:45:21.368167,1521741332480.0,0.0,1.0,0.0,245569.109375,0.56939697265625,-0.2001953125,-0.4949951171875,0.62506103515625,0.31103515625,-0.80029296875,0.3720703125,-6.75,-3.1875,4.3125,-1.0,1.0,1.0,-3.0,-7.0,-2.0,3.0,2.0,0.0,0.0,0.0,-1.1011106967926025,-0.3188017010688782,1.8606804609298706,1970-01-03 15:12:49.111044
2023-04-01 13:45:21.392063,1521741332480.0,0.0,1.0,0.0,245569.125,0.56805419921875,-0.20123291015625,-0.49627685546875,0.62493896484375,0.31201171875,-0.7978515625,0.3603515625,-7.4375,-3.0,6.875,-1.0,4.0,5.0,1.0,4.0,3.0,9.0,3.0,0.0,0.0,0.0,-1.1052889823913574,-0.31762129068374634,1.8630183935165405,1970-01-03 15:12:49.128911
2023-04-01 13:45:21.415031,1521741332480.0,0.0,1.0,0.0,245569.15625,0.56622314453125,-0.2025146484375,-0.4979248046875,0.62481689453125,0.30859375,-0.8056640625,0.3544921875,-10.0625,-4.25,8.8125,-1.0,-1.0,1.0,-2.0,-2.0,-8.0,-9.0,-3.0,2.0,0.0,0.0,-1.110595703125,-0.31603875756263733,1.866160273551941,1970-01-03 15:12:49.151389
2023-04-01 13:45:21.436972,1521741332480.0,0.0,1.0,0.0,245569.171875,0.56622314453125,-0.2025146484375,-0.4979248046875,0.62481689453125,0.30859375,-0.8056640625,0.3544921875,-10.0625,-4.25,8.8125,-1.0,-4.0,-2.0,-1.0,-3.0,-1.0,-6.0,-5.0,-1.0,0.0,0.0,-1.110595703125,-0.31603875756263733,1.866160273551941,1970-01-03 15:12:49.164148
2023-04-01 13:45:21.437972,1521741332480.0,0.0,1.0,0.0,245569.171875,0.56390380859375,-0.20404052734375,-0.500244140625,0.62457275390625,0.306640625,-0.80810546875,0.3427734375,-13.3125,-6.875,9.9375,-1.0,-2.0,3.0,-1.0,0.0,0.0,1.0,2.0,0.0,0.0,0.0,-1.1177318096160889,-0.31445983052253723,1.8704215288162231,1970-01-03 15:12:49.170958
2023-04-01 13:45:21.460880,1521741332480.0,0.0,1.0,0.0,245569.203125,0.56390380859375,-0.20404052734375,-0.500244140625,0.62457275390625,0.306640625,-0.80810546875,0.3427734375,-13.3125,-6.875,9.9375,-1.0,4.0,-2.0,-1.0,-2.0,-5.0,-1.0,2.0,-1.0,0.0,0.0,-1.1177318096160889,-0.31445983052253723,1.8704215288162231,1970-01-03 15:12:49.202288
2023-04-01 13:45:21.461878,1521741332480.0,0.0,1.0,0.0,245569.203125,0.5609130859375,-0.20550537109375,-0.5035400390625,0.62420654296875,0.31689453125,-0.7998046875,0.29931640625,-16.3125,-10.875,11.6875,-1.0,-1.0,-3.0,-2.0,0.0,4.0,3.0,-2.0,1.0,0.0,0.0,-1.1270389556884766,-0.31343573331832886,1.876559853553772,1970-01-03 15:12:49.203919
2023-04-01 13:45:21.484816,1521741332480.0,0.0,1.0,0.0,245569.21875,0.55731201171875,-0.20733642578125,-0.50775146484375,0.62335205078125,0.32421875,-0.783203125,0.25390625,-21.1875,-12.8125,13.5625,-1.0,1.0,5.0,-4.0,-9.0,1.0,3.0,7.0,1.0,0.0,0.0,-1.1387927532196045,-0.3125276267528534,1.8835475444793701,1970-01-03 15:12:49.223333
2023-04-01 13:45:21.507785,1521741332480.0,0.0,1.0,0.0,245569.25,0.54931640625,-0.2135009765625,-0.518310546875,0.61968994140625,0.30078125,-0.80615234375,0.2353515625,-34.4375,-11.9375,12.5,-1.0,0.0,-1.0,-3.0,-10.0,-2.0,-1.0,0.0,0.0,0.0,0.0,-1.1700444221496582,-0.30975380539894104,1.8971413373947144,1970-01-03 15:12:49.248810
2023-04-01 13:45:21.508752,1521741332480.0,0.0,1.0,0.0,245569.25,0.54931640625,-0.2135009765625,-0.518310546875,0.61968994140625,0.30078125,-0.80615234375,0.2353515625,-34.4375,-11.9375,12.5,-1.0,1.0,4.0,1.0,-1.0,-6.0,0.0,-4.0,-4.0,0.0,0.0,-1.1700444221496582,-0.30975380539894104,1.8971413373947144,1970-01-03 15:12:49.248906
2023-04-01 13:45:21.531691,1521741332480.0,0.0,1.0,0.0,245569.265625,0.5455322265625,-0.2161865234375,-0.52386474609375,0.617431640625,0.30517578125,-0.81884765625,0.2392578125,-34.0,-13.75,9.0,-1.0,2.0,-1.0,-3.0,-4.0,14.0,7.0,1.0,0.0,0.0,0.0,-1.1858562231063843,-0.30952832102775574,1.903760313987732,1970-01-03 15:12:49.271307
2023-04-01 13:45:21.532688,1521741332480.0,0.0,1.0,0.0,245569.265625,0.5455322265625,-0.2161865234375,-0.52386474609375,0.617431640625,0.30517578125,-0.81884765625,0.2392578125,-34.0,-13.75,9.0,-1.0,-3.0,2.0,1.0,-2.0,1.0,-1.0,4.0,0.0,0.0,0.0,-1.1858562231063843,-0.30952832102775574,1.903760313987732,1970-01-03 15:12:49.271394
2023-04-01 13:45:21.554629,1521741332480.0,0.0,1.0,0.0,245569.296875,0.54144287109375,-0.21826171875,-0.52984619140625,0.61517333984375,0.30712890625,-0.78369140625,0.24072265625,-35.375,-18.8125,8.5625,-1.0,4.0,0.0,-2.0,-1.0,-14.0,-6.0,-3.0,0.0,0.0,0.0,-1.2020384073257446,-0.31017500162124634,1.9116758108139038,1970-01-03 15:12:49.292409
2023-04-01 13:45:21.555626,1521741332480.0,0.0,1.0,0.0,245569.296875,0.54144287109375,-0.21826171875,-0.52984619140625,0.61517333984375,0.30712890625,-0.78369140625,0.24072265625,-35.375,-18.8125,8.5625,-1.0,-2.0,-2.0,-3.0,3.0,4.0,0.0,1.0,-1.0,0.0,0.0,-1.2020384073257446,-0.31017500162124634,1.9116758108139038,1970-01-03 15:12:49.292508
2023-04-01 13:45:21.578594,1521741332480.0,0.0,1.0,0.0,245569.3125,0.53656005859375,-0.220703125,-0.537109375,0.6123046875,0.3193359375,-0.79248046875,0.21484375,-43.625,-22.25,9.5,-1.0,-1.0,2.0,0.0,3.0,-4.0,-2.0,0.0,-1.0,0.0,0.0,-1.2217273712158203,-0.3111018240451813,1.9212039709091187,1970-01-03 15:12:49.308943
2023-04-01 13:45:21.601504,1521741332480.0,0.0,1.0,0.0,245569.34375,0.531005859375,-0.2239990234375,-0.5455322265625,0.60845947265625,0.32470703125,-0.82275390625,0.2001953125,-53.5,-23.875,10.0625,-1.0,-3.0,-2.0,-1.0,0.0,-2.0,0.0,-1.0,-4.0,0.0,0.0,-1.2452062368392944,-0.31180065870285034,1.9312256574630737,1970-01-03 15:12:49.343387
2023-04-01 13:45:21.602501,1521741332480.0,0.0,1.0,0.0,245569.34375,0.531005859375,-0.2239990234375,-0.5455322265625,0.60845947265625,0.32470703125,-0.82275390625,0.2001953125,-53.5,-23.875,10.0625,-1.0,0.0,0.0,0.0,1.0,-1.0,-2.0,-1.0,2.0,0.0,0.0,-1.2452062368392944,-0.31180065870285034,1.9312256574630737,1970-01-03 15:12:49.343487
2023-04-01 13:45:21.625439,1521741332480.0,0.0,1.0,0.0,245569.375,0.5250244140625,-0.2275390625,-0.55377197265625,0.60491943359375,0.3076171875,-0.88525390625,0.21875,-54.8125,-25.4375,11.125,-1.0,3.0,-1.0,-3.0,-1.0,-1.0,7.0,-3.0,-3.0,0.0,0.0,-1.2688205242156982,-0.3112008273601532,1.9418421983718872,1970-01-03 15:12:49.367264
2023-04-01 13:45:21.626437,1521741332480.0,0.0,1.0,0.0,245569.375,0.51849365234375,-0.23095703125,-0.5618896484375,0.60174560546875,0.2900390625,-0.9091796875,0.1904296875,-52.4375,-27.9375,12.5625,-1.0,-3.0,-4.0,1.0,-2.0,10.0,0.0,-3.0,-3.0,0.0,0.0,-1.2922533750534058,-0.3096419870853424,1.9534635543823242,1970-01-03 15:12:49.368783
2023-04-01 13:45:21.648379,1521741332480.0,0.0,1.0,0.0,245569.390625,0.51849365234375,-0.23095703125,-0.5618896484375,0.60174560546875,0.2900390625,-0.9091796875,0.1904296875,-52.4375,-27.9375,12.5625,-1.0,0.0,0.0,0.0,-1.0,-8.0,-10.0,-7.0,-4.0,0.0,0.0,-1.2922533750534058,-0.3096419870853424,1.9534635543823242,1970-01-03 15:12:49.388963
2023-04-01 13:45:21.649376,1521741332480.0,0.0,1.0,0.0,245569.390625,0.51849365234375,-0.23095703125,-0.5618896484375,0.60174560546875,0.2900390625,-0.9091796875,0.1904296875,-52.4375,-27.9375,12.5625,-1.0,4.0,5.0,0.0,-2.0,3.0,8.0,1.0,6.0,0.0,0.0,-1.2922533750534058,-0.3096419870853424,1.9534635543823242,1970-01-03 15:12:49.389087
2023-04-01 13:45:21.672315,1521741332480.0,0.0,1.0,0.0,245569.390625,0.5115966796875,-0.23406982421875,-0.570068359375,0.5987548828125,0.26953125,-0.89306640625,0.1953125,-53.6875,-31.5625,12.5,-1.0,-4.0,-5.0,1.0,1.0,3.0,0.0,-3.0,0.0,0.0,0.0,-1.3157124519348145,-0.30782780051231384,1.9660781621932983,1970-01-03 15:12:49.397251
2023-04-01 13:45:21.673312,1521741332480.0,0.0,1.0,0.0,245569.40625,0.50421142578125,-0.23687744140625,-0.57855224609375,0.595703125,0.2841796875,-0.9501953125,0.21044921875,-56.5,-35.5625,12.4375,-1.0,8.0,4.0,1.0,2.0,-2.0,4.0,1.0,4.0,0.0,0.0,-1.3397655487060547,-0.3059592843055725,1.9797853231430054,1970-01-03 15:12:49.412411
2023-04-01 13:45:21.696250,1521741332480.0,0.0,1.0,0.0,245569.421875,0.496826171875,-0.23876953125,-0.5867919921875,0.59320068359375,0.3076171875,-0.9697265625,0.2470703125,-54.75,-39.375,12.8125,-1.0,1.0,1.0,-2.0,-4.0,-2.0,-1.0,-2.0,1.0,0.0,0.0,-1.362460970878601,-0.30447331070899963,1.9946831464767456,1970-01-03 15:12:49.428816
2023-04-01 13:45:21.719190,1521741332480.0,0.0,1.0,0.0,245569.453125,0.496826171875,-0.23876953125,-0.5867919921875,0.59320068359375,0.3076171875,-0.9697265625,0.2470703125,-54.75,-39.375,12.8125,-1.0,-1.0,4.0,3.0,3.0,-1.0,-4.0,-1.0,-1.0,0.0,0.0,-1.362460970878601,-0.30447331070899963,1.9946831464767456,1970-01-03 15:12:49.449862
2023-04-01 13:45:21.720187,1521741332480.0,0.0,1.0,0.0,245569.46875,0.48919677734375,-0.24017333984375,-0.59466552734375,0.591064453125,0.296875,-0.96435546875,0.21044921875,-50.3125,-41.0,13.1875,-1.0,-13.0,-3.0,1.0,-1.0,-9.0,-4.0,0.0,-4.0,0.0,0.0,-1.3838908672332764,-0.3024931252002716,2.0100786685943604,1970-01-03 15:12:49.463441
2023-04-01 13:45:21.742128,1521741332480.0,0.0,1.0,0.0,245569.46875,0.4815673828125,-0.241455078125,-0.60211181640625,0.5892333984375,0.2734375,-0.95458984375,0.19921875,-48.0625,-41.375,13.0625,-1.0,1.0,-2.0,2.0,8.0,3.0,3.0,1.0,0.0,0.0,0.0,-1.4043041467666626,-0.2998407185077667,2.025390625,1970-01-03 15:12:49.472277
2023-04-01 13:45:21.743125,1521741332480.0,0.0,1.0,0.0,245569.484375,0.4815673828125,-0.241455078125,-0.60211181640625,0.5892333984375,0.2734375,-0.95458984375,0.19921875,-48.0625,-41.375,13.0625,-1.0,0.0,0.0,0.0,1.0,-2.0,-3.0,-1.0,-1.0,0.0,0.0,-1.4043041467666626,-0.2998407185077667,2.025390625,1970-01-03 15:12:49.487285
2023-04-01 13:45:21.766097,1521741332480.0,0.0,1.0,0.0,245569.484375,0.47406005859375,-0.24237060546875,-0.6090087890625,0.587890625,0.255859375,-0.98388671875,0.21630859375,-45.5625,-42.0625,12.0625,-1.0,4.0,4.0,-1.0,3.0,1.0,5.0,0.0,-3.0,0.0,0.0,-1.4230947494506836,-0.2967759966850281,2.0407228469848633,1970-01-03 15:12:49.488825
2023-04-01 13:45:21.767090,1521741332480.0,0.0,1.0,0.0,245569.515625,0.466552734375,-0.24261474609375,-0.6158447265625,0.586669921875,0.2529296875,-0.99853515625,0.2041015625,-43.1875,-44.0,9.625,-1.0,15.0,9.0,-1.0,5.0,2.0,-1.0,-2.0,0.0,0.0,0.0,-1.4411283731460571,-0.2942044138908386,2.056658983230591,1970-01-03 15:12:49.511366
2023-04-01 13:45:21.790029,1521741332480.0,0.0,1.0,0.0,245569.53125,0.45904541015625,-0.2420654296875,-0.623046875,0.58526611328125,0.26416015625,-0.96435546875,0.169921875,-42.4375,-47.25,7.8125,-1.0,-9.0,-7.0,-1.0,2.0,0.0,-1.0,2.0,-1.0,0.0,0.0,-1.4594043493270874,-0.2928355634212494,2.073655605316162,1970-01-03 15:12:49.532408
2023-04-01 13:45:21.812940,1521741332480.0,0.0,1.0,0.0,245569.546875,0.4510498046875,-0.2412109375,-0.63116455078125,0.58306884765625,0.28466796875,-0.96630859375,0.11572265625,-45.625,-50.375,6.0625,-1.0,-2.0,-1.0,0.0,0.0,6.0,3.0,-1.0,3.0,0.0,0.0,-1.4799238443374634,-0.29222971200942993,2.0918643474578857,1970-01-03 15:12:49.553456
2023-04-01 13:45:21.835907,1521741332480.0,0.0,1.0,0.0,245569.578125,0.4432373046875,-0.2398681640625,-0.63946533203125,0.58056640625,0.3173828125,-0.97509765625,0.1123046875,-47.5,-51.4375,4.875,-1.0,0.0,2.0,0.0,-3.0,-1.0,-2.0,-7.0,-2.0,0.0,0.0,-1.5006656646728516,-0.292504221200943,2.110398292541504,1970-01-03 15:12:49.571364
2023-04-01 13:45:21.836904,1521741332480.0,0.0,1.0,0.0,245569.578125,0.4432373046875,-0.2398681640625,-0.63946533203125,0.58056640625,0.3173828125,-0.97509765625,0.1123046875,-47.5,-51.4375,4.875,-1.0,-3.0,-3.0,0.0,0.0,-5.0,-3.0,2.0,-1.0,0.0,0.0,-1.5006656646728516,-0.292504221200943,2.110398292541504,1970-01-03 15:12:49.571450
2023-04-01 13:45:21.858816,1521741332480.0,0.0,1.0,0.0,245569.578125,0.4432373046875,-0.2398681640625,-0.63946533203125,0.58056640625,0.3173828125,-0.97509765625,0.1123046875,-47.5,-51.4375,4.875,-1.0,-5.0,-5.0,-3.0,-6.0,-5.0,-4.0,-3.0,1.0,0.0,0.0,-1.5006656646728516,-0.292504221200943,2.110398292541504,1970-01-03 15:12:49.583368
2023-04-01 13:45:21.859843,1521741332480.0,0.0,1.0,0.0,245569.59375,0.43609619140625,-0.2384033203125,-0.646728515625,0.57855224609375,0.32080078125,-0.9873046875,0.12158203125,-42.125,-48.125,4.9375,-1.0,-1.0,-7.0,-3.0,-1.0,3.0,2.0,-1.0,-2.0,0.0,0.0,-1.5187530517578125,-0.292361319065094,2.1274938583374023,1970-01-03 15:12:49.592973
2023-04-01 13:45:21.883779,1521741332480.0,0.0,1.0,0.0,245569.609375,0.42950439453125,-0.237060546875,-0.653076171875,0.57684326171875,0.29736328125,-0.97998046875,0.10595703125,-37.875,-43.6875,4.0625,-1.0,-7.0,-6.0,-3.0,5.0,-1.0,-3.0,-2.0,0.0,0.0,0.0,-1.5346734523773193,-0.2916204333305359,2.1429388523101807,1970-01-03 15:12:49.613475
2023-04-01 13:45:21.884747,1521741332480.0,0.0,1.0,0.0,245569.625,0.42950439453125,-0.237060546875,-0.653076171875,0.57684326171875,0.29736328125,-0.97998046875,0.10595703125,-37.875,-43.6875,4.0625,-1.0,-2.0,-14.0,-3.0,-2.0,0.0,2.0,-2.0,3.0,0.0,0.0,-1.5346734523773193,-0.2916204333305359,2.1429388523101807,1970-01-03 15:12:49.629911
2023-04-01 13:45:21.906688,1521741332480.0,0.0,1.0,0.0,245569.625,0.423583984375,-0.2362060546875,-0.6595458984375,0.57427978515625,0.29541015625,-0.96484375,0.05517578125,-39.25,-38.375,1.5,-1.0,0.0,-13.0,-4.0,2.0,2.0,-5.0,0.0,1.0,0.0,0.0,-1.551572322845459,-0.2915628254413605,2.1566591262817383,1970-01-03 15:12:49.631321
2023-04-01 13:45:21.907685,1521741332480.0,0.0,1.0,0.0,245569.65625,0.418212890625,-0.23565673828125,-0.6658935546875,0.57110595703125,0.31005859375,-0.97216796875,0.0439453125,-41.9375,-34.25,0.5,-1.0,0.0,1.0,0.0,-6.0,-1.0,-3.0,2.0,2.0,0.0,0.0,-1.568600058555603,-0.2919294834136963,2.1687591075897217,1970-01-03 15:12:49.653838
